gene,log2FC_featureCounts,padj_featureCounts,log2FC_Salmon,padj_Salmon
TARDBP,-4.10731152249443,0.0,-4.08865063507562,0.0
STMN2,-2.77663477188226,0.0,-5.43266584247807,0.0
STIM1,0.90866492760412,8.03594033991161e-38,0.929268613864923,4.3156186935864003e-47
STIM2,-0.585345234194512,1.53323739473262e-07,-0.527030346169244,1.83610601502665e-07
ORAI1,0.424875101531993,0.0028763622841788,0.432524865424346,0.0002454338807861
ORAI2,-0.213681107285127,5.9516366709221e-05,-0.172924833410512,0.0021541319747637
ORAI3,2.01329574065068,1.8083572035073e-43,2.05624739776012,2.31626466123202e-64
TRPC1,0.887497634543175,2.07166055036218e-10,0.957895335297178,1.25981710357442e-12
SARAF,0.493607235227495,2.53173462716292e-24,0.547882504253508,5.84979535005408e-37
STIMATE,-0.203021248323157,0.0551939147063524,-0.0497006693924288,0.718488128769312
CBARP,-1.27866753333465,3.96411935602878e-21,-1.25373358688605,3.0499266215789203e-25
ATP2A2,-0.277285344788901,2.14669619005341e-09,-0.246836243745097,8.711481972519491e-09
ATP2A3,1.31885761974722,2.62205506740793e-23,1.30632431416148,1.4276079780015e-29
GAPDH,0.582424289304841,4.59949357236955e-27,0.612167948727638,9.45941139666342e-32
