"isoform_id","dIF","isoform_switch_q_value","PTC"
"ENST00000698913.1",-0.0318666666666667,5.52891935630433e-38,FALSE
"ENST00000698912.1",0.0365333333333333,1.56320768763226e-10,FALSE
"ENST00000698919.1",0.0446333333333333,0.332018514468279,TRUE
"ENST00000698909.1",0.00446666666666667,0.40459445867672,NA
"ENST00000532610.5",-0.0650333333333333,0.765953463732018,FALSE
"ENST00000698918.1",0.0093,0.767841386842901,TRUE
"ENST00000698910.1",-0.0504,0.774262048667967,FALSE
"ENST00000526596.2",0.0127333333333333,0.789096963333585,FALSE
"ENST00000534707.1",-0.0054,0.817514073829838,NA
"ENST00000300737.8",-0.0102,0.860885177421884,FALSE
"ENST00000526771.5",0.0889,0.894920568662316,NA
