ensembl_gene_id,gene,interaction_log2,n_conditions_positive,min_condition_interaction,max_condition_interaction,interaction_XRN1,interaction_XRN1_SMG6,interaction_XRN1_UPF1,interaction_UPF1_SMG6
ENSG00000099625,CBARP,1.5178525200464197,4,1.1910822450175775,2.2265659834713816,1.1910822450175775,1.4033519771736085,2.2265659834713816,1.2504098745231111
ENSG00000198626,RYR2,0.9826550458691439,4,0.7116455231804917,1.4997085648584871,0.7410609824229404,1.4997085648584871,0.7116455231804917,0.9782051130146563
ENSG00000138741,TRPC3,0.878464114791494,3,-0.18630679624176594,1.4452889440160162,-0.18630679624176594,0.9636387856902973,1.2912355257014285,1.4452889440160162
ENSG00000198838,RYR3,0.6750601408675034,4,0.13108449206822748,1.4621155225000813,0.8732252914513721,0.23381525745033294,1.4621155225000813,0.13108449206822748
ENSG00000168397,ATG4B,0.654198021658436,4,0.41611314559215806,0.8330010757320228,0.632519408268033,0.7351584570415302,0.8330010757320228,0.41611314559215806
ENSG00000160145,KALRN,0.596751059916504,4,0.40885451570978226,0.8053892094607153,0.7195949624216755,0.4531655520738429,0.8053892094607153,0.40885451570978226
ENSG00000168137,SETD5,0.583887228344798,4,0.35599786731297556,0.7821284646561537,0.35599786731297556,0.5948590591085292,0.7821284646561537,0.6025635223015335
ENSG00000165487,MICU2,0.5746827817085278,3,-0.03678177795156756,0.9811027411968176,-0.03678177795156756,0.5367766515527315,0.9811027411968176,0.8176335120361298
ENSG00000156026,MCU,0.5713317423604853,4,0.2944840181669477,0.8736175525564818,0.2944840181669477,0.720025019166652,0.39720037955185994,0.8736175525564818
ENSG00000130477,UNC13A,0.45077060130858904,3,-0.10700394296883609,0.7236879514299304,0.4897493099423862,0.6966490868308757,0.7236879514299304,-0.10700394296883609
ENSG00000072315,TRPC5,0.27570304304828763,3,-0.9470490353178462,1.1178455116840658,1.1178455116840658,0.8032478643076546,0.1287678315192764,-0.9470490353178462
ENSG00000155970,MICU3,0.26384936177075513,3,-0.043260339724128016,0.4419645334722926,-0.043260339724128016,0.4419645334722926,0.3360466372191766,0.32064661611567935
ENSG00000196296,ATP2A1,0.26300170149758517,2,-0.35795354215767894,1.0653648761261376,-0.17886938163825317,1.0653648761261376,0.5234648536601352,-0.35795354215767894
ENSG00000123104,ITPR2,0.25528945417023396,3,-0.07537828467896368,0.5571335190920097,-0.07537828467896368,0.5571335190920097,0.3930826747857319,0.14631990748215795
ENSG00000150995,ITPR1,0.2523997573118857,2,-0.568327445366565,1.0551106988065335,-0.568327445366565,-0.45156429863165926,1.0551106988065335,0.9743800744392335
ENSG00000213533,STIMATE,0.22894484145273308,3,-0.03149784841994929,0.6636482730569409,-0.03149784841994929,0.10175086407110534,0.18187807710283543,0.6636482730569409
ENSG00000144935,TRPC1,0.17059305076893994,4,0.03309940953007917,0.37186074713829775,0.16983998628881913,0.37186074713829775,0.03309940953007917,0.10757206011856368
ENSG00000174437,ATP2A2,0.11342984627012687,3,-0.012360139587585195,0.35852185064443276,0.09627621573177336,0.35852185064443276,0.011281458291886537,-0.012360139587585195
ENSG00000130038,CRACR2A,0.10904137587632934,2,-0.4710789890828986,0.6312500026876346,-0.07139156739537356,0.34738605729595484,0.6312500026876346,-0.4710789890828986
ENSG00000107745,MICU1,0.0757063157516411,3,-0.27268823126952313,0.33972522789836646,0.20932905721753414,0.33972522789836646,0.02645920916018696,-0.27268823126952313
ENSG00000134909,ARHGAP32,0.07298234352789112,2,-0.39552424202772407,0.5264196492052555,-0.24787056511579308,-0.39552424202772407,0.5264196492052555,0.40890453204982613
ENSG00000133872,SARAF,0.05294737528995297,3,-0.011423290513674189,0.1457118632933998,-0.011423290513674189,0.04086809243140621,0.036632835948680054,0.1457118632933998
ENSG00000058404,CAMK2B,0.047207987437699384,2,-0.5537941751578064,0.5598912125097204,0.4820723634970605,-0.5537941751578064,0.5598912125097204,-0.299337451098177
ENSG00000175938,ORAI3,-6.781114951581735e-05,1,-0.2257192271720898,0.4529124430375919,-0.2257192271720898,-0.16295060016474494,-0.06451386029882045,0.4529124430375919
ENSG00000196218,RYR1,-0.014801189196272269,2,-1.8883518298111586,1.6758514065498415,0.6513830471688387,-1.8883518298111586,1.6758514065498415,-0.4980873806926107
ENSG00000133107,TRPC4,-0.046510054545440216,1,-1.1976205216961047,1.4863451578771256,-0.05183501299641424,1.4863451578771256,-0.4229298413663676,-1.1976205216961047
ENSG00000109689,STIM2,-0.05773135827333409,2,-0.19451832467397878,0.09556798073685613,-0.19451832467397878,-0.1399490860550472,0.09556798073685613,0.00797399689883349
ENSG00000096433,ITPR3,-0.1275155017093038,3,-0.900051143525507,0.2568702599454351,-0.900051143525507,0.03230381738483068,0.2568702599454351,0.10081505935802593
ENSG00000067057,PFKP,-0.2200990554654383,1,-0.4217339093831143,0.05177936487730683,-0.4217339093831143,-0.18744155345470226,0.05177936487730683,-0.32300012390124344
ENSG00000167323,STIM1,-0.3254137913505484,1,-0.8499266176807048,0.3328015960982089,-0.10138792082341297,0.3328015960982089,-0.8499266176807048,-0.6831422229962847
ENSG00000276045,ORAI1,-0.3703235288663518,2,-0.8324673987691531,0.08308797082527075,-0.7641116675828519,-0.8324673987691531,0.032196980061327096,0.08308797082527075
ENSG00000188157,AGRN,-0.38722067722707054,2,-1.3130933805522336,0.11735123026803151,0.11735123026803151,0.011102286490832114,-0.36424284511491223,-1.3130933805522336
ENSG00000077080,ACTL6B,-0.4076559671310367,1,-0.8742813781638414,0.1620622636168445,0.1620622636168445,-0.6431018061830436,-0.27530294779410625,-0.8742813781638414
ENSG00000048649,RSF1,-0.4183548228609548,0,-0.7647893133624049,-0.0782102869180541,-0.2049764501433895,-0.6254432410199708,-0.0782102869180541,-0.7647893133624049
ENSG00000167674,HDGFL2,-0.4626582503921872,0,-0.8232049850763676,-0.017685220583080863,-0.017685220583080863,-0.7878303608558319,-0.22191243505346847,-0.8232049850763676
ENSG00000160991,ORAI2,-0.6715290053461982,0,-1.3354433372301635,-0.0963627864109231,-0.0963627864109231,-0.8389013092155295,-0.41540858852817664,-1.3354433372301635
ENSG00000104435,STMN2,-0.8455881033048582,0,-1.3376032864047787,-0.3396359967797231,-0.47627379688698923,-0.3396359967797231,-1.228839333147942,-1.3376032864047787
ENSG00000177685,CRACR2B,-0.8494584171933584,0,-1.3370709618247396,-0.3015300455766923,-0.3015300455766923,-0.8187708279746975,-0.940461833397304,-1.3370709618247396
ENSG00000074370,ATP2A3,-1.0854167631707354,1,-3.1871250191822242,1.0727653680006792,-1.7214852754966268,-3.1871250191822242,1.0727653680006792,-0.5058221260047695
