dataset,gene,unit,index,index_knockdown,index_control,delta,bootstrap_CI95_low,bootstrap_CI95_high,per_sample_knockdown,per_sample_control,n_boot,chrom,strand,window_5prime_or_proximal,window_3prime_or_distal
SH-SY5Y (GSE296712),ACTL6B,intron13,intronic polyadenylation index,0.67411465126725,0.58265630113526,0.0914583501319907,0.0259957217870505,0.149019982616701,0.7162;0.6513;0.6549,0.5416;0.6493;0.5571,729.0,chr7,-,100645699-100646198,100643377-100643876
SH-SY5Y (GSE296712),ACTL6B,intron4,intronic polyadenylation index,0.060953333750251,0.233808003593512,-0.172854669843261,-0.256228549354631,-0.0894807903318903,0.0376;0.1184;0.0268,0.2346;0.1541;0.3127,729.0,chr7,-,100654469-100654968,100650186-100650685
SH-SY5Y (GSE296712),ACTL6B,intron5,intronic polyadenylation index,0.495815674909091,0.556942647656168,-0.0611269727470767,-0.195421233482795,0.0491237793523626,0.5233;0.5421;0.422,0.4805;0.6912;0.4991,729.0,chr7,-,100649488-100649987,100648874-100649373
SH-SY5Y (GSE296712),ATG4B,intron4,intronic polyadenylation index,0.313408358294078,0.458142043572645,-0.144733685278566,-0.249738323611612,-0.0391070664804827,0.3884;0.2774;0.2744,0.5535;0.3525;0.4684,729.0,chr2,+,241652017-241652516,241652962-241653461
SH-SY5Y (GSE296712),ATG4B,intron7,intronic polyadenylation index,0.599294589493648,0.503889262653324,0.0954053268403247,-0.0545101830229281,0.227785333139711,0.5291;0.6417;0.6271,0.6548;0.3715;0.4854,729.0,chr2,+,241655394-241655893,241658558-241659057
SH-SY5Y (GSE296712),ATG4B,intron9,intronic polyadenylation index,0.597906807725453,0.498032143392862,0.0998746643325908,0.0116978828719124,0.188051445793269,0.5133;0.6333;0.6472,0.4272;0.5578;0.5091,729.0,chr2,+,241666889-241667388,241667593-241668092
SH-SY5Y (GSE296712),ELAVL3,intron6,intronic polyadenylation index,0.571321469060433,0.651642514552452,-0.0803210454920189,-0.205943902951255,0.0060346394442406,0.4413;0.6407;0.632,0.6306;0.6902;0.6341,729.0,chr19,-,11456560-11457059,11454928-11455427
SH-SY5Y (GSE296712),GPSM2,intron17,intronic polyadenylation index,0.217709214114334,0.389940300581456,-0.172231086467122,-0.219206461254917,-0.114748353414693,0.242;0.2113;0.1998,0.4132;0.428;0.3286,729.0,chr1,+,108924412-108924911,108929151-108929650
SH-SY5Y (GSE296712),ITPR1,termexon,UTR_distal_index,0.195592484373326,0.250107755027308,-0.0545152706539815,-0.101113599037198,-0.0056030279058047,0.2449;0.1929;0.149,0.2588;0.2267;0.2648,729.0,chr3,+,4846139-4846822,4846823-4847506
SH-SY5Y (GSE296712),ITPR3,termexon,UTR_distal_index,0.367126836984987,0.519041533995086,-0.151914697010099,-0.240256593991392,-0.0637133020396728,0.3772;0.2826;0.4415,0.5765;0.5101;0.4705,729.0,chr6,+,33695712-33696142,33696143-33696574
SH-SY5Y (GSE296712),KALRN,termexon,UTR_distal_index,0.53273251146296,0.464761092765718,0.0679714186972423,0.00654817682516,0.14311152718856,0.6145;0.5036;0.4801,0.4883;0.4683;0.4377,729.0,chr3,+,124718925-124722624,124722625-124726325
SH-SY5Y (GSE296712),MICU2,termexon,UTR_distal_index,0.277155313079388,0.361690969791488,-0.0845356567120997,-0.194044322201223,0.0258957819274071,0.3662;0.1941;0.2712,0.2707;0.3844;0.4299,729.0,chr13,-,21493022-21493353,21492691-21493021
SH-SY5Y (GSE296712),MICU3,termexon,UTR_distal_index,0.184002742566609,0.0872208811604827,0.0967818614061266,0.0654916931598131,0.12807202965244,0.1852;0.1547;0.2121,0.1017;0.0652;0.0948,729.0,chr8,+,17120288-17121464,17121465-17122642
SH-SY5Y (GSE296712),RYR3,intron100,intronic polyadenylation index,0.659365014113215,0.774862315793097,-0.115497301679882,-0.318690975006892,0.0551568800948746,0.4463;0.7631;0.7687,0.8706;0.773;0.681,729.0,chr15,+,33857965-33858464,33859025-33859524
SH-SY5Y (GSE296712),SETD5,intron21,intronic polyadenylation index,0.755736107263621,0.80750387528709,-0.0517677680234692,-0.226913226166696,0.0994356129931623,0.8158;0.5639;0.8875,0.8175;0.8675;0.7375,729.0,chr3,+,9453919-9454418,9463875-9464374
SH-SY5Y (GSE296712),SETD5,intron22,intronic polyadenylation index,0.212202929954384,0.277426378594336,-0.0652234486399517,-0.153170870696457,0.0628779723954433,0.3423;0.1701;0.1241,0.2578;0.2871;0.2874,729.0,chr3,+,9466299-9466798,9469909-9470408
SH-SY5Y (GSE296712),SETD5,intron6,intronic polyadenylation index,0.0435859312819126,0.126310280278354,-0.082724348996441,-0.110836167063009,-0.0543526578263451,0.0449;0.0723;0.0136,0.1342;0.1162;0.1285,729.0,chr3,+,9430882-9431381,9433295-9433794
SH-SY5Y (GSE296712),STIM1,intron17,intronic polyadenylation index,0.388539829218576,0.56151761001349,-0.172977780794914,-0.233496911939761,-0.123432141964832,0.3651;0.3912;0.4093,0.5237;0.6281;0.5328,729.0,chr11,+,4087070-4087569,4088152-4088651
SH-SY5Y (GSE296712),STIM1,intron18,intronic polyadenylation index,0.48557827900072,0.551779953976477,-0.0662016749757567,-0.208333282935777,0.0662841003190315,0.5649;0.4399;0.452,0.6979;0.5319;0.4255,729.0,chr11,+,4088789-4089288,4090732-4091231
SH-SY5Y (GSE296712),STIM2,intron12,intronic polyadenylation index,0.507187506509042,0.41391461424622,0.0932728922628215,-0.180211866943187,0.413633203570964,0.233;0.8311;0.4575,0.4984;0.3664;0.377,729.0,chr4,+,27018035-27018534,27020451-27020950
SH-SY5Y (GSE296712),STIM2,intron13,intronic polyadenylation index,0.800588062493215,0.956298207249431,-0.155710144756217,-0.238616653167849,-0.0371634274969914,0.9216;0.7635;0.7167,0.9647;0.9676;0.9366,729.0,chr4,+,27021119-27021618,27021969-27022468
SH-SY5Y (GSE296712),UNC13A,intron11,intronic polyadenylation index,0.278428759335088,0.379601647634692,-0.101172888299604,-0.575071103973531,0.304673052677664,0.4663;0.1351;0.2339,0;0.2524;0.8864,729.0,chr19,-,17654724-17655223,17652728-17653227
SH-SY5Y (GSE296712),UNC13A,intron2,intronic polyadenylation index,0.195729461362905,0.462981708937271,-0.267252247574366,-0.31556307981583,-0.201613691285918,0.217;0.1821;0.1882,0.3942;0.5042;0.4905,729.0,chr19,-,17675462-17675961,17674807-17675306
SH-SY5Y (GSE296712),UNC13A,intron31,intronic polyadenylation index,0.515370981714061,0.56698503573691,-0.051614054022849,-0.230567877516433,0.0785959656020381,0.6167;0.5985;0.331,0.5304;0.5352;0.6353,729.0,chr19,-,17628690-17629189,17627991-17628490
SH-SY5Y (GSE296712),UNC13A,intron38,intronic polyadenylation index,0.571869023156095,0.395228741132368,0.176640282023727,0.0108216523945883,0.342458911652866,0.5807;0.4133;0.7216,0.4152;0.2907;0.4798,729.0,chr19,-,17620143-17620642,17619013-17619512
SH-SY5Y (GSE296712),UNC13A,intron42,intronic polyadenylation index,0.379671510751735,0.271172987286849,0.108498523464886,-0.095009609988086,0.360778274547101,0.2361;0.2419;0.6611,0.2748;0.1766;0.3621,729.0,chr19,-,17615858-17616357,17611906-17612405
"iPSC-MN, TDP-43 KD",AGRN,intron36,intronic polyadenylation index,0.472256801767281,0.51603631067513,-0.0437795089078488,-0.106233180287866,0.0186741624721687,0.4579;0.4866,0.5695;0.4626,16.0,chr1,+,1052067-1052566,1052911-1053410
"iPSC-MN, TDP-43 KD",AGRN,termexon,distal 3'UTR usage index,0.549242402015221,0.518708294580286,0.0305341074349351,-0.0152194316503965,0.0762876465202666,0.5305;0.568,0.4847;0.5528,16.0,chr1,+,1054824-1055471,1055472-1056119
"iPSC-MN, TDP-43 KD",GPSM2,intron17,intronic polyadenylation index,0.197612597681179,0.0572583009521809,0.140354296728998,0.0744457562006243,0.206262837257372,0.2599;0.1353,0.063;0.0515,16.0,chr1,+,108924412-108924911,108929151-108929650
"iPSC-MN, TDP-43 KD",GPSM2,termexon,distal 3'UTR usage index,0.378534216556215,0.355877390306113,0.0226568262501027,0.001400769921696,0.0439128825785093,0.3691;0.388,0.3712;0.3405,16.0,chr1,+,108929701-108932122,108932123-108934545
"iPSC-MN, TDP-43 KD",RYR2,termexon,distal 3'UTR usage index,0.335898849053885,0.317679255022328,0.0182195940315575,-0.0703217799064667,0.106760967969582,0.3912;0.2806,0.3708;0.2645,16.0,chr1,+,237832552-237833269,237833270-237833988
"iPSC-MN, TDP-43 KD",PFKP,intron18,intronic polyadenylation index,0.561853965771247,0.632357543946425,-0.0705035781751778,-0.144126055859984,0.003118899509628,0.5943;0.5294,0.6857;0.579,16.0,chr10,+,3120095-3120594,3124547-3125046
"iPSC-MN, TDP-43 KD",PFKP,intron19,intronic polyadenylation index,0.451276451499084,0.43972097692504,0.0115554745740433,-0.0323870961864976,0.0554980453345841,0.4644;0.4381,0.404;0.4754,16.0,chr10,+,3125300-3125799,3129269-3129768
"iPSC-MN, TDP-43 KD",PFKP,termexon,distal 3'UTR usage index,0.0152568528612808,0.0089694021341732,0.0062874507271075,-0.004913224779319,0.0174881262335341,0.0117;0.0188,0;0.0179,16.0,chr10,+,3136450-3137083,3137084-3137718
"iPSC-MN, TDP-43 KD",MICU1,termexon,distal 3'UTR usage index,0.467803916852114,0.485782936548386,-0.0179790196962715,-0.0368599321727721,0.000901892780229,0.4819;0.4537,0.4934;0.4782,16.0,chr10,-,72367848-72368355,72367340-72367847
"iPSC-MN, TDP-43 KD",MCU,termexon,distal 3'UTR usage index,0.472453442613699,0.531950408654283,-0.059496966040584,-0.068892855366161,-0.0501010767150069,0.465;0.4799,0.5288;0.5351,16.0,chr10,+,72885745-72886719,72886720-72887694
"iPSC-MN, TDP-43 KD",CRACR2B,termexon,distal 3'UTR usage index,0.693699522707064,0.698869315919163,-0.0051697932120986,-0.0169209733864747,0.0065813869622774,0.6989;0.6885,0.7074;0.6903,16.0,chr11,+,831535-831762,831763-831991
"iPSC-MN, TDP-43 KD",STIM1,termexon,distal 3'UTR usage index,0.498742124345214,0.487687592435873,0.0110545319093409,-0.0286146904728515,0.0507237542915334,0.5302;0.4673,0.5008;0.4746,16.0,chr11,+,4091282-4092245,4092246-4093210
"iPSC-MN, TDP-43 KD",ARHGAP32,termexon,distal 3'UTR usage index,0.50488360527217,0.50815338837905,-0.0032697831068799,-0.0167065194273786,0.0101669532136187,0.5072;0.5025,0.4962;0.5201,16.0,chr11,-,128970031-128975002,128965060-128970030
"iPSC-MN, TDP-43 KD",ATP2A2,intron3,intronic polyadenylation index,0.789438349787561,0.953437402512691,-0.16399905272513,-0.285620768527784,-0.042377336922475,0.6881;0.8908,0.9859;0.921,16.0,chr12,+,110282846-110283345,110291470-110291969
"iPSC-MN, TDP-43 KD",ATP2A2,termexon,distal 3'UTR usage index,0.353215396150736,0.372481689808958,-0.0192662936582216,-0.0391566084452471,0.0006240211288039,0.368;0.3384,0.3644;0.3806,16.0,chr12,+,110346201-110348646,110348647-110351093
"iPSC-MN, TDP-43 KD",ORAI1,termexon,distal 3'UTR usage index,0.470206611383918,0.513855210175727,-0.0436485987918093,-0.135529451374435,0.0482322537908161,0.5461;0.3943,0.5395;0.4882,16.0,chr12,+,121641041-121641540,121641541-121642040
"iPSC-MN, TDP-43 KD",MICU2,termexon,distal 3'UTR usage index,0.508415092977946,0.480763669085937,0.0276514238920086,0.0126028060458714,0.0427000417381457,0.5106;0.5062,0.4671;0.4944,16.0,chr13,-,21493022-21493353,21492691-21493021
"iPSC-MN, TDP-43 KD",MICU2,intron9,intronic polyadenylation index,0.344586813696757,0.399046250349303,-0.0544594366525466,-0.225005267525087,0.116086394219994,0.2845;0.4047,0.2661;0.532,16.0,chr13,-,21502376-21502875,21496211-21496710
"iPSC-MN, TDP-43 KD",MICU2,intron6,intronic polyadenylation index,0.965952380952381,0.947819721281439,0.0181326596709417,-0.0245926077582219,0.0608579271001054,0.9319;1,0.9617;0.9339,16.0,chr13,-,21520695-21521194,21514469-21514968
"iPSC-MN, TDP-43 KD",RYR3,termexon,distal 3'UTR usage index,0.470040209711949,0.337425149727657,0.132615059984292,0.0239332841970294,0.241296835771555,0.4311;0.509,0.2531;0.4217,16.0,chr15,+,33865131-33865616,33865617-33866102
"iPSC-MN, TDP-43 KD",CBARP,termexon,distal 3'UTR usage index,0.554024394963512,0.591748871845477,-0.0377244768819649,-0.121124701422632,0.0456757476587026,0.5495;0.5585,0.5112;0.6723,16.0,chr19,-,1229781-1231275,1228287-1229780
"iPSC-MN, TDP-43 KD",ELAVL3,termexon,distal 3'UTR usage index,0.507817035526222,0.489631586619235,0.0181854489069874,0.0024189104090758,0.0339519874048989,0.518;0.4977,0.4986;0.4806,16.0,chr19,-,11453102-11454877,11451326-11453101
"iPSC-MN, TDP-43 KD",ELAVL3,intron6,intronic polyadenylation index,0.633456214897242,0.752289649605889,-0.118833434708646,-0.185872440085459,-0.0517944293318335,0.6208;0.6461,0.6932;0.8114,16.0,chr19,-,11456560-11457059,11454928-11455427
"iPSC-MN, TDP-43 KD",UNC13A,termexon,distal 3'UTR usage index,0.630935904391622,0.599233099494895,0.0317028048967273,0.0147163090011516,0.048689300792303,0.6349;0.627,0.6138;0.5847,16.0,chr19,-,17603845-17606354,17601336-17603844
"iPSC-MN, TDP-43 KD",UNC13A,intron31,intronic polyadenylation index,0.545348258802019,0.69076000245459,-0.145411743652571,-0.199312074767393,-0.0915114125377497,0.5991;0.4916,0.6905;0.691,16.0,chr19,-,17628690-17629189,17627991-17628490
"iPSC-MN, TDP-43 KD",ATG4B,termexon,distal 3'UTR usage index,0.465806105590087,0.42502215207738,0.0407839535127076,0.0063632435327569,0.0752046634926582,0.455;0.4767,0.3974;0.4527,16.0,chr2,+,241672191-241673023,241673024-241673857
"iPSC-MN, TDP-43 KD",POLDIP3,termexon,distal 3'UTR usage index,0.559030014324634,0.544400892099533,0.0146291222251007,0.010326922210981,0.0189313222392203,0.5597;0.5584,0.5483;0.5405,16.0,chr22,-,42584845-42585968,42583721-42584844
"iPSC-MN, TDP-43 KD",SETD5,intron1,intronic polyadenylation index,0.283417239832614,0.300841133354967,-0.0174238935223532,-0.123938677240717,0.0890908901960109,0.3372;0.2297,0.2279;0.3738,16.0,chr3,+,9398028-9398527,9422558-9423057
"iPSC-MN, TDP-43 KD",SETD5,intron6,intronic polyadenylation index,0.399373766775964,0.421223649673284,-0.0218498828973197,-0.111632940457267,0.0679331746626274,0.4238;0.375,0.4958;0.3467,16.0,chr3,+,9430882-9431381,9433295-9433794
"iPSC-MN, TDP-43 KD",SETD5,intron22,intronic polyadenylation index,0.396686164229471,0.492660821917358,-0.0959746576878872,-0.124246445401028,-0.0677028699747465,0.3863;0.4071,0.5144;0.4709,16.0,chr3,+,9466299-9466798,9469909-9470408
"iPSC-MN, TDP-43 KD",SETD5,termexon,distal 3'UTR usage index,0.4295204644236,0.457265794912649,-0.027745330489049,-0.0684704886574846,0.0129798276793867,0.4623;0.3967,0.47;0.4446,16.0,chr3,+,9475483-9476818,9476819-9478154
"iPSC-MN, TDP-43 KD",STIMATE,termexon,distal 3'UTR usage index,0.458110763460052,0.435565298678463,0.0225454647815893,0.0192925088606077,0.0257984207025709,0.4586;0.4576,0.4385;0.4326,16.0,chr3,-,52838672-52840610,52836733-52838671
"iPSC-MN, TDP-43 KD",KALRN,intron1,intronic polyadenylation index,0.402699162438233,0.502789839207959,-0.100090676769726,-0.157451340341235,-0.0427300131982171,0.4351;0.3703,0.4657;0.5399,16.0,chr3,+,124033864-124034363,124094131-124094630
"iPSC-MN, TDP-43 KD",KALRN,intron18,intronic polyadenylation index,0.432725655258012,0.48425358115283,-0.0515279258948186,-0.186290304963164,0.0832344531735269,0.4904;0.3751,0.583;0.3855,16.0,chr3,+,124423029-124423528,124430106-124430605
"iPSC-MN, TDP-43 KD",KALRN,intron19,intronic polyadenylation index,0.473132389755033,0.588624735225939,-0.115492345470906,-0.191729444755538,-0.039255246186273,0.5434;0.4029,0.5791;0.5982,16.0,chr3,+,124430826-124431325,124433757-124434256
"iPSC-MN, TDP-43 KD",KALRN,intron37,intronic polyadenylation index,0.688330730986211,0.786972981282909,-0.0986422502966978,-0.150375897064203,-0.046908603529193,0.7231;0.6535,0.7599;0.8141,16.0,chr3,+,124496464-124496963,124517513-124518012
"iPSC-MN, TDP-43 KD",KALRN,intron42,intronic polyadenylation index,0.695433415066492,0.617309952830396,0.0781234622360955,0.0417857060518333,0.114461218420358,0.6934;0.6975,0.5823;0.6524,16.0,chr3,+,124634004-124634503,124636658-124637157
"iPSC-MN, TDP-43 KD",KALRN,termexon,distal 3'UTR usage index,0.513993441932391,0.530868454356549,-0.0168750124241586,-0.0263476656989326,-0.0074023591493845,0.5203;0.5077,0.5359;0.5258,16.0,chr3,+,124718925-124722624,124722625-124726325
"iPSC-MN, TDP-43 KD",TRPC1,intron1,intronic polyadenylation index,0.976374776693905,0.893700305178681,0.0826744715152234,0.0706762107090924,0.0946727323213545,0.9785;0.9742,0.883;0.9044,16.0,chr3,+,142724782-142725281,142735829-142736328
"iPSC-MN, TDP-43 KD",TRPC1,termexon,distal 3'UTR usage index,0.451138575049484,0.472278912917738,-0.0211403378682541,-0.0354292317381422,-0.006851443998366,0.4414;0.4608,0.4649;0.4796,16.0,chr3,+,142806008-142806947,142806948-142807888
"iPSC-MN, TDP-43 KD",STIM2,intron12,intronic polyadenylation index,0.477790246573847,0.426356167272745,0.0514340793011022,-0.095575838422819,0.198443997025023,0.3494;0.6062,0.3965;0.4562,16.0,chr4,+,27018035-27018534,27020451-27020950
"iPSC-MN, TDP-43 KD",STIM2,intron13,intronic polyadenylation index,0.724988905601934,0.748627673215495,-0.023638767613561,-0.0873154551012866,0.0400379198741646,0.7073;0.7427,0.8013;0.696,16.0,chr4,+,27021119-27021618,27021969-27022468
"iPSC-MN, TDP-43 KD",STIM2,termexon,distal 3'UTR usage index,0.124748869943637,0.199168779446328,-0.074419909502691,-0.0997924320147819,-0.0490473869906001,0.113;0.1365,0.2172;0.1811,16.0,chr4,+,27022519-27023949,27023950-27025381
"iPSC-MN, TDP-43 KD",MCUB,termexon,distal 3'UTR usage index,0.287805685134654,0.378345710910129,-0.0905400257754747,-0.200065573813926,0.0189855222629766,0.3717;0.2039,0.3373;0.4194,16.0,chr4,+,109687515-109688116,109688117-109688719
"iPSC-MN, TDP-43 KD",ITPR3,intron57,intronic polyadenylation index,0.0892330177083986,0.0582506682612853,0.0309823494471133,0.011094267109155,0.0508704317850716,0.0814;0.0971,0.0433;0.0732,16.0,chr6,+,33693756-33694255,33694374-33694873
"iPSC-MN, TDP-43 KD",ITPR3,termexon,distal 3'UTR usage index,0.479378158131482,0.367180521608712,0.112197636522771,0.0684734214836702,0.155921851561871,0.4731;0.4857,0.3274;0.407,16.0,chr6,+,33695712-33696142,33696143-33696574
"iPSC-MN, TDP-43 KD",ORAI2,termexon,distal 3'UTR usage index,0.170803910624296,0.137199596477619,0.0336043141466767,0.0281772655693655,0.039031362723988,0.1717;0.1699,0.1323;0.1421,16.0,chr7,+,102446513-102451668,102451669-102456825
"iPSC-MN, TDP-43 KD",MICU3,intron7,intronic polyadenylation index,0.363889623439814,0.296157770312306,0.0677318531275082,0.0068450116829296,0.128618694572087,0.3144;0.4134,0.3144;0.2779,16.0,chr8,+,17087086-17087585,17089996-17090495
"iPSC-MN, TDP-43 KD",MICU3,intron8,intronic polyadenylation index,0.263830235698066,0.524109685401182,-0.260279449703115,-0.414145865371366,-0.106413034034864,0.352;0.1757,0.6229;0.4253,16.0,chr8,+,17090635-17091134,17097908-17098407
"iPSC-MN, TDP-43 KD",MICU3,termexon,distal 3'UTR usage index,0.376433294335845,0.336293348468086,0.0401399458677584,-0.0094022393915984,0.0896821311271152,0.3952;0.3577,0.3741;0.2985,16.0,chr8,+,17120288-17121464,17121465-17122642
"iPSC-MN, TDP-43 KD",SARAF,termexon,distal 3'UTR usage index,0.451861480826594,0.459082766691068,-0.0072212858644737,-0.0142033834471006,-0.0002391882818471,0.4554;0.4484,0.4639;0.4543,16.0,chr8,-,30063458-30063913,30063003-30063457
"iPSC-MN, TDP-43 KD",SARAF,intron5,intronic polyadenylation index,0.504281764772863,0.407417353772307,0.0968644110005561,0.0634123450922203,0.130316476908892,0.4749;0.5336,0.4008;0.414,16.0,chr8,-,30065438-30065937,30063964-30064463
"iPSC-MN, TDP-43 KD",SARAF,intron2,intronic polyadenylation index,0.536099635988775,0.604262745441249,-0.0681631094524736,-0.208320609495289,0.0719943905903414,0.4836;0.5886,0.4969;0.7116,16.0,chr8,-,30073327-30073826,30070110-30070609
"iPSC-MN, TDP-43 KD",SARAF,intron1,intronic polyadenylation index,0.833182267429322,0.782519861028529,0.0506624064007933,0.0199906571912594,0.0813341556103274,0.8197;0.8467,0.7603;0.8048,16.0,chr8,-,30082297-30082796,30074106-30074605
"iPSC-MN, TDP-43 KD",STMN2,intron2,intronic polyadenylation index,0.819049467297218,0.570177565843299,0.248871901453919,0.208179602955101,0.289564199952736,0.8577;0.7804,0.5735;0.5669,16.0,chr8,+,79611842-79612341,79636252-79636751
"iPSC-MN, TDP-43 KD",STMN2,intron3,intronic polyadenylation index,0.488645346400914,0.423525406288775,0.0651199401121387,-0.0406341803574633,0.170874060581741,0.456;0.5213,0.5089;0.3382,16.0,chr8,+,79636948-79637447,79640828-79641327
"iPSC-MN, TDP-43 KD",STMN2,intron4,intronic polyadenylation index,0.682756486298909,0.734138142376911,-0.0513816560780019,-0.0810352721725425,-0.0217280399834612,0.6965;0.6691,0.7552;0.713,16.0,chr8,+,79641601-79642100,79654321-79654820
"iPSC-MN, TDP-43 KD",STMN2,intron5,intronic polyadenylation index,0.539826587140043,0.549183702189327,-0.0093571150492833,-0.075889040229879,0.0571748101313122,0.5865;0.4931,0.5175;0.5809,16.0,chr8,+,79655113-79655612,79663030-79663529
"iPSC-MN, TDP-43 KD",STMN2,termexon,distal 3'UTR usage index,0.566378551922883,0.567147517814786,-0.0007689658919035,-0.0021633287102104,0.0006253969264034,0.5676;0.5652,0.5674;0.5669,16.0,chr8,+,79664815-79665486,79665487-79666158
C2C12,Atg4b,intron1,intronic polyadenylation index,0.0,0.0,0.0,0.0,0.0,0;0;0,0;0;0,729.0,chr1,+,93751632-93752131,93754355-93754854
C2C12,Atg4b,intron8,intronic polyadenylation index,0.366900306727403,0.282807683310598,0.0840926234168045,-0.0975821120069813,0.264665191312016,0.2515;0.4886;0.3605,0.1493;0.4573;0.2418,729.0,chr1,+,93778415-93778914,93780168-93780667
C2C12,Atg4b,termexon,distal 3'UTR usage index,0.0349153813387468,0.0517752104393129,-0.0168598291005661,-0.0257159683960019,-0.0080109548244147,0.0371;0.0272;0.0404,0.0595;0.0496;0.0462,729.0,chr1,+,93787686-93789147,93789148-93790610
C2C12,Mcu,termexon,distal 3'UTR usage index,0.508745061030988,0.496559353187265,0.0121857078437225,-0.0181045416028908,0.0392390464382849,0.4777;0.5363;0.5123,0.489;0.4992;0.5015,729.0,chr10,-,59447921-59448858,59446984-59447920
C2C12,Mcu,intron13,intronic polyadenylation index,0.431815713028705,0.527437080911931,-0.0956213678832267,-0.190659413614336,-0.0171576591561108,0.3284;0.4835;0.4835,0.521;0.4905;0.5708,729.0,chr10,-,59450656-59451155,59448909-59449408
C2C12,Mcu,intron12,intronic polyadenylation index,0.332370472868708,0.349467292219919,-0.0170968193512108,-0.192887417458355,0.14967109033666,0.3271;0.3709;0.2991,0.1734;0.5346;0.3404,729.0,chr10,-,59454396-59454895,59451373-59451872
C2C12,Mcu,intron9,intronic polyadenylation index,0.485400883869066,0.467175482005243,0.018225401863823,-0.0428543421868051,0.106758183390357,0.4303;0.4479;0.578,0.4468;0.4834;0.4713,729.0,chr10,-,59465904-59466403,59458211-59458710
C2C12,Micu1,intron6,intronic polyadenylation index,0.558106725819753,0.649080474722492,-0.0909737489027389,-0.206676388240423,0.0247288904349449,0.4672;0.5554;0.6517,0.7086;0.6927;0.546,729.0,chr10,+,59751756-59752255,59756156-59756655
C2C12,Micu1,intron7,intronic polyadenylation index,0.513270271961127,0.593753755436853,-0.0804834834757259,-0.305172242533131,0.129990105537836,0.7237;0.5317;0.2844,0.5915;0.672;0.5177,729.0,chr10,+,59757225-59757724,59761863-59762362
C2C12,Micu1,intron8,intronic polyadenylation index,0.581352029623573,0.472243527328466,0.109108502295107,-0.0550473124478121,0.308058944892819,0.4912;0.4661;0.7867,0.5504;0.3785;0.4879,729.0,chr10,+,59762707-59763206,59766534-59767033
C2C12,Micu1,termexon,distal 3'UTR usage index,0.478025762778502,0.47104308340667,0.0069826793718323,-0.0129196342196583,0.0213177164311724,0.4869;0.4581;0.4891,0.475;0.4751;0.4631,729.0,chr10,+,59863179-59863655,59863656-59864132
C2C12,Cbarp,termexon,distal 3'UTR usage index,0.642949739351359,0.623864837950953,0.0190849014004055,-0.0072626132552844,0.0375031116969878,0.6401;0.6428;0.6459,0.6511;0.6048;0.6157,729.0,chr10,-,80131351-80132251,80130451-80131350
C2C12,Atp2a3,termexon,distal 3'UTR usage index,0.397240556840853,0.488920303714992,-0.0916797468741394,-0.159456394892704,-0.0245414147123775,0.4136;0.4487;0.3295,0.54;0.4578;0.469,729.0,chr11,+,72991689-72992366,72992367-72993044
C2C12,Pfkp,termexon,distal 3'UTR usage index,0.280731217539141,0.263029673348783,0.0177015441903575,-0.0139340984127877,0.0493371867935026,0.2666;0.2666;0.309,0.2874;0.2668;0.2349,729.0,chr13,-,6580680-6581592,6579768-6580679
C2C12,Pfkp,intron18,intronic polyadenylation index,0.421132775523532,0.42741154109059,-0.0062787655670585,-0.11629815787368,0.103462098431989,0.4251;0.3361;0.5023,0.5095;0.3457;0.427,729.0,chr13,-,6587939-6588438,6587164-6587663
C2C12,Pfkp,intron17,intronic polyadenylation index,0.435248024989654,0.533906394116737,-0.098658369127083,-0.145882850802348,-0.0500234154631996,0.4234;0.3976;0.4847,0.5689;0.5185;0.5143,729.0,chr13,-,6597309-6597808,6596113-6596612
C2C12,Stimate,intron6,intronic polyadenylation index,0.470776100012242,0.519630360714783,-0.0488542607025416,-0.141246272224643,0.0476707048633326,0.4456;0.3994;0.5673,0.573;0.4629;0.523,729.0,chr14,+,30866795-30867294,30869962-30870461
C2C12,Stimate,intron9,intronic polyadenylation index,0.355801139690744,0.513482092425236,-0.157680952734492,-0.33223951229069,0.0167721729333866,0.46;0.4262;0.1812,0.6759;0.4333;0.4312,729.0,chr14,+,30872750-30873249,30873828-30874327
C2C12,Stimate,termexon,distal 3'UTR usage index,0.273049572891366,0.308321594102753,-0.0352720212113873,-0.0480365877874863,-0.0202864624712777,0.2692;0.2723;0.2777,0.3116;0.2923;0.3211,729.0,chr14,+,30874378-30875793,30875794-30877210
C2C12,Micu2,termexon,distal 3'UTR usage index,0.443532241307899,0.432148505371635,0.0113837359362631,-0.0073965150080269,0.0301639868805533,0.4498;0.4544;0.4264,0.4182;0.4318;0.4465,729.0,chr14,-,57916818-57917375,57916261-57916817
C2C12,Micu2,intron13,intronic polyadenylation index,0.491638910300078,0.297476104170958,0.19416280612912,0.0807735671673133,0.29208942379462,0.5367;0.3756;0.5626,0.2289;0.3279;0.3357,729.0,chr14,-,57918273-57918772,57917426-57917925
C2C12,Micu2,intron11,intronic polyadenylation index,0.696310085487354,0.846449318294321,-0.150139232806967,-0.26999989366343,-0.0106413987637362,0.7609;0.626;0.702,0.924;0.9161;0.6993,729.0,chr14,-,57923390-57923889,57919983-57920482
C2C12,Poldip3,termexon,distal 3'UTR usage index,0.492977170109748,0.473018478876458,0.0199586912332899,0.0029213102801887,0.0372223963354675,0.4769;0.5102;0.4917,0.4684;0.4664;0.4842,729.0,chr15,-,83127016-83128055,83125976-83127015
C2C12,Poldip3,intron6,intronic polyadenylation index,0.448682106345259,0.496334726559981,-0.0476526202147218,-0.173579462356564,0.0709217947368437,0.4985;0.3228;0.5248,0.577;0.4888;0.4233,729.0,chr15,-,83130931-83131430,83129311-83129810
C2C12,Poldip3,intron3,intronic polyadenylation index,0.581283103133565,0.52336644814117,0.0579166549923946,-0.14983444001004,0.21391931388247,0.3683;0.6936;0.682,0.5604;0.5762;0.4335,729.0,chr15,-,83134744-83135243,83133377-83133876
C2C12,Poldip3,intron1,intronic polyadenylation index,0.254458564062859,0.573021087930355,-0.318562523867496,-0.634584063438984,-0.0025409842960076,0;0.4935;0.2698,0.7024;0.7356;0.2811,729.0,chr15,-,83148645-83149144,83138573-83139072
C2C12,Itpr3,intron15,intronic polyadenylation index,0.348167754551625,0.272403436823789,0.0757643177278366,-0.007025942481061,0.17918183198759,0.3206;0.2654;0.4586,0.2732;0.2499;0.2941,729.0,chr17,+,27093387-27093886,27094245-27094744
C2C12,Itpr3,intron18,intronic polyadenylation index,0.773773421612541,0.638576672814365,0.135196748798176,0.0342238049452085,0.240123976493762,0.6671;0.8798;0.7744,0.6001;0.6493;0.6663,729.0,chr17,+,27096120-27096619,27097412-27097911
C2C12,Itpr3,intron22,intronic polyadenylation index,0.0944903032518528,0.0961054640982513,-0.0016151608463985,-0.10570330578131,0.101737625465575,0;0.113;0.1705,0.0334;0.0798;0.1751,729.0,chr17,+,27099850-27100349,27100555-27101054
C2C12,Itpr3,termexon,distal 3'UTR usage index,0.366001114865356,0.319987910909553,0.0460132039558025,0.0378964179733193,0.0541299899382857,0.3587;0.3721;0.3672,0.3141;0.3251;0.3208,729.0,chr17,+,27121460-27121841,27121842-27122223
C2C12,Hdgfl2,intron2,intronic polyadenylation index,0.541095405620597,0.538979212115851,0.0021161935047457,-0.237856376512618,0.177512212131614,0.2887;0.6697;0.6649,0.5044;0.4837;0.6288,729.0,chr17,+,56080169-56080668,56080874-56081373
C2C12,Ryr3,termexon,distal 3'UTR usage index,0.284736702693407,0.279081137474723,0.0056555652186846,-0.0761695189104708,0.0691934946315448,0.308;0.295;0.2513,0.2389;0.3662;0.2322,729.0,chr2,-,112631787-112632218,112631355-112631786
C2C12,Stmn2,intron3,intronic polyadenylation index,0.614846507743745,0.533721785646155,0.0811247220975895,-0.020169923344444,0.182390839412205,0.6306;0.5331;0.6808,0.5154;0.621;0.4648,729.0,chr3,+,8548824-8549323,8554242-8554741
C2C12,Stmn2,termexon,distal 3'UTR usage index,0.324664986848879,0.354868759585477,-0.0302037727365976,-0.0625820129725749,-0.0001263913165238,0.3352;0.3465;0.2923,0.34;0.3767;0.3479,729.0,chr3,+,8560266-8560935,8560936-8561606
C2C12,Gpsm2,termexon,distal 3'UTR usage index,0.276141327197155,0.26122673505241,0.0149145921447448,-0.0016651152568136,0.0314942995463033,0.2611;0.2907;0.2766,0.2606;0.2716;0.2515,729.0,chr3,-,108679221-108679803,108678638-108679220
C2C12,Gpsm2,intron11,intronic polyadenylation index,0.403108530009066,0.510650856794392,-0.107542326785326,-0.190349268851209,-0.0225396504350684,0.4571;0.4129;0.3393,0.5501;0.5562;0.4256,729.0,chr3,-,108689216-108689715,108687050-108687549
C2C12,Gpsm2,intron10,intronic polyadenylation index,0.537224578465396,0.308350328015246,0.22887425045015,0.098528838928703,0.359219661971597,0.6426;0.4094;0.5596,0.3363;0.3733;0.2155,729.0,chr3,-,108696399-108696898,108689887-108690386
C2C12,Mcub,intron4,intronic polyadenylation index,0.396319736604493,0.487260376337436,-0.0909406397329431,-0.221575482194538,0.0138444254522738,0.5023;0.2645;0.4222,0.4885;0.4922;0.4811,729.0,chr3,-,129925815-129926314,129918797-129919296
C2C12,Agrn,termexon,distal 3'UTR usage index,0.514496683777095,0.535523333038838,-0.0210266492617437,-0.0678362754791546,0.0468900635145644,0.5843;0.4934;0.4658,0.5412;0.5357;0.5297,729.0,chr4,-,156165972-156166653,156165290-156165971
C2C12,Stim2,intron8,intronic polyadenylation index,0.391639688286896,0.419076545284963,-0.0274368569980669,-0.151161093426543,0.105687811912728,0.437;0.4151;0.3228,0.5355;0.4431;0.2786,729.0,chr5,+,54105449-54105948,54109153-54109652
C2C12,Stim2,intron13,intronic polyadenylation index,0.508271370435334,0.543765909368051,-0.0354945389327175,-0.130875595585565,0.0598865177201306,0.4562;0.4843;0.5843,0.4698;0.5337;0.6279,729.0,chr5,+,54116243-54116742,54117722-54118221
C2C12,Stim2,termexon,distal 3'UTR usage index,0.0406644188906286,0.0555454424011722,-0.0148810235105436,-0.0211959879694372,-0.0092035746823564,0.0438;0.0439;0.0343,0.0567;0.0586;0.0513,729.0,chr5,+,54118272-54119664,54119665-54121057
C2C12,Atp2a2,termexon,distal 3'UTR usage index,0.39227394669337,0.384934630909812,0.0073393157835584,-0.0223460791932718,0.0330375603499946,0.4179;0.3971;0.3619,0.3905;0.3927;0.3716,729.0,chr5,-,122453909-122454304,122453513-122453908
C2C12,Atp2a2,intron20,intronic polyadenylation index,0.482206478420675,0.438528673106828,0.043677805313847,0.0005860683029594,0.0956017573591674,0.537;0.4708;0.4388,0.4501;0.4371;0.4284,729.0,chr5,-,122455343-122455842,122454355-122454854
C2C12,Atp2a2,intron11,intronic polyadenylation index,0.497897793832496,0.549662561155291,-0.0517647673227957,-0.104625145827427,-0.0127011006537295,0.521;0.4433;0.5294,0.5406;0.5698;0.5386,729.0,chr5,-,122465400-122465899,122462036-122462535
C2C12,Atp2a2,intron6,intronic polyadenylation index,0.65645397587121,0.371899753455086,0.284554222416124,-0.0574033564875631,0.644231126995842,0.8483;0.4885;0.6326,0.4339;0.0078;0.674,729.0,chr5,-,122472660-122473159,122471304-122471803
C2C12,Atp2a2,intron5,intronic polyadenylation index,0.257103460695193,0.306997040025071,-0.0498935793298777,-0.246435862135311,0.192711202007689,0.1509;0.3051;0.3153,0.4862;0.3739;0.061,729.0,chr5,-,122488332-122488831,122473341-122473840
C2C12,Orai1,termexon,distal 3'UTR usage index,0.275021118719791,0.247196762911209,0.0278243558085825,0.0158611437806509,0.0367987261913857,0.2788;0.2622;0.284,0.2473;0.2446;0.2497,729.0,chr5,+,123029075-123029765,123029766-123030456
C2C12,Orai2,termexon,distal 3'UTR usage index,0.471550192861824,0.461778417775454,0.00977177508637,-0.0094176805382748,0.0312261471259788,0.4688;0.4612;0.4846,0.4403;0.4705;0.4745,729.0,chr5,-,136149206-136150952,136147459-136149205
C2C12,Orai2,intron3,intronic polyadenylation index,0.581743597972147,0.47985756341504,0.101886034557107,-0.059005091699402,0.310651579098867,0.569;0.5235;0.6527,0.5727;0.2559;0.6109,729.0,chr5,-,136160937-136161436,136151003-136151502
C2C12,Orai2,intron2,intronic polyadenylation index,0.503032323255622,0.42129149809878,0.0817408251568412,-0.0842082796791743,0.214630220728048,0.6277;0.3354;0.546,0.4533;0.4585;0.3522,729.0,chr5,-,136165756-136166255,136161775-136162274
C2C12,Itpr1,termexon,distal 3'UTR usage index,0.402528743778267,0.429408040872378,-0.0268792970941114,-0.0769508043229924,0.0231922101347695,0.4241;0.362;0.4215,0.3853;0.4295;0.4734,729.0,chr6,+,108549753-108550430,108550431-108551109
C2C12,Setd5,intron4,intronic polyadenylation index,0.486301384203441,0.494890687150306,-0.0085893029468646,-0.0436296144894042,0.0272849907608182,0.4978;0.5033;0.4577,0.5071;0.5185;0.459,729.0,chr6,+,113107612-113108111,113108323-113108822
C2C12,Setd5,intron14,intronic polyadenylation index,0.451385703736224,0.360957175338587,0.0904285283976368,-0.0064135139703492,0.187270570765623,0.4886;0.4916;0.374,0.2737;0.4467;0.3625,729.0,chr6,+,113121861-113122360,113124799-113125298
C2C12,Setd5,intron15,intronic polyadenylation index,0.36091625067175,0.404326074294675,-0.0434098236229243,-0.147515871912483,0.0329949398143079,0.4133;0.4167;0.2527,0.3868;0.3805;0.4457,729.0,chr6,+,113130433-113130932,113137403-113137902
C2C12,Setd5,intron16,intronic polyadenylation index,0.43693003496407,0.415945163748181,0.0209848712158886,-0.083346682593182,0.112352139890508,0.4601;0.3721;0.4786,0.3761;0.5203;0.3514,729.0,chr6,+,113138562-113139061,113143063-113143562
C2C12,Setd5,intron17,intronic polyadenylation index,0.36403714951671,0.452805492140933,-0.0887683426242235,-0.166136356301506,-0.0062299228294703,0.4157;0.3653;0.3111,0.4977;0.4904;0.3703,729.0,chr6,+,113144134-113144633,113146890-113147389
C2C12,Setd5,intron18,intronic polyadenylation index,0.563522539224016,0.458686544291605,0.104835994932412,-0.0632162346304035,0.272888224495227,0.5457;0.4662;0.6786,0.6028;0.3111;0.4622,729.0,chr6,+,113147789-113148288,113149005-113149504
C2C12,Setd5,termexon,distal 3'UTR usage index,0.505464458947681,0.510382544870997,-0.0049180859233154,-0.0171078097744462,0.0102891054461771,0.4952;0.5207;0.5004,0.5034;0.5133;0.5144,729.0,chr6,+,113150862-113152148,113152149-113153435
C2C12,Itpr2,termexon,distal 3'UTR usage index,0.407951275553358,0.415791167099695,-0.0078398915463373,-0.0214360562155809,0.0061425218512682,0.3963;0.4056;0.4219,0.4251;0.41;0.4123,729.0,chr6,-,146110028-146111757,146108299-146110027
C2C12,Stim1,intron11,intronic polyadenylation index,0.52390420965331,0.451712702858914,0.072191506794396,-0.153295144629916,0.306881742816677,0.6458;0.5203;0.4056,0.6526;0.4862;0.2163,729.0,chr7,+,102428917-102429416,102430201-102430700
C2C12,Stim1,termexon,distal 3'UTR usage index,0.482349296075515,0.433724882992642,0.0486244130828732,0.0167581780092608,0.0863657126795973,0.5201;0.4714;0.4555,0.4132;0.4443;0.4437,729.0,chr7,+,102435384-102436351,102436352-102437319
C2C12,Orai3,termexon,distal 3'UTR usage index,0.455475568513222,0.45295768525568,0.0025178832575414,-0.0210354105495459,0.0322411717121368,0.4344;0.4864;0.4457,0.4415;0.4601;0.4573,729.0,chr7,+,127773557-127774353,127774354-127775150
C2C12,Cracr2b,termexon,distal 3'UTR usage index,0.425115006175291,0.388011959793152,0.0371030463821395,-0.0028364157012242,0.103208737451903,0.3843;0.4921;0.3989,0.3853;0.388;0.3908,729.0,chr7,+,141466009-141466310,141466311-141466613
C2C12,Saraf,intron6,intronic polyadenylation index,0.469619035534771,0.538755203136333,-0.0691361676015622,-0.171169959985114,0.0175583932401002,0.5204;0.3672;0.5213,0.5745;0.5734;0.4684,729.0,chr8,+,34168662-34169161,34169546-34170045
C2C12,Saraf,termexon,distal 3'UTR usage index,0.31725090644268,0.332845002975403,-0.0155940965327236,-0.0347504607259657,0.0032295872476724,0.3328;0.3209;0.2981,0.3268;0.3468;0.325,729.0,chr8,+,34170096-34170470,34170471-34170845
C2C12,Micu3,intron8,intronic polyadenylation index,0.367523591821544,0.38873730171471,-0.0212137098931657,-0.223795064702885,0.193340414383624,0.2169;0.5821;0.3036,0.492;0.2446;0.4296,729.0,chr8,+,40359499-40359998,40365599-40366098
C2C12,Micu3,intron12,intronic polyadenylation index,0.640640645174048,0.605767667249374,0.0348729779246746,-0.165265161244636,0.195332264959298,0.5928;0.7286;0.6005,0.8085;0.5459;0.4629,729.0,chr8,+,40378991-40379490,40380122-40380621
C2C12,Micu3,intron14,intronic polyadenylation index,0.673764538263483,0.704455292994391,-0.0306907547309073,-0.277706743693288,0.287540362811791,1;0.4223;0.599,0.6888;0.6648;0.7598,729.0,chr8,+,40382228-40382727,40384059-40384558
C2C12,Micu3,termexon,distal 3'UTR usage index,0.54240729297166,0.578114481805347,-0.0357071888336864,-0.0609632075760772,-0.0104511700912956,0.5488;0.5573;0.5211,0.5529;0.5924;0.5891,729.0,chr8,+,40384609-40385458,40385459-40386308
C2C12,Unc13a,termexon,distal 3'UTR usage index,0.991967497593414,0.986274833271696,0.0056926643217182,-0.0006424905531576,0.0120326758687697,0.9965;0.9919;0.9875,0.9881;0.9904;0.9803,729.0,chr8,-,71627070-71629723,71624417-71627069
C2C12,Arhgap32,termexon,distal 3'UTR usage index,0.241056481951863,0.256387985594521,-0.0153315036426581,-0.0231907032233442,-0.0043642473908117,0.2527;0.2357;0.2348,0.2538;0.2558;0.2595,729.0,chr9,+,32258902-32263673,32263674-32268446
C2C12,Trpc1,termexon,distal 3'UTR usage index,0.416852885790422,0.451641864006596,-0.0347889782161735,-0.117396479174612,0.0392519188445781,0.4615;0.3909;0.3982,0.4332;0.3851;0.5367,729.0,chr9,-,95706025-95706967,95705082-95706024
C2C12,Trpc1,intron7,intronic polyadenylation index,0.441823766430817,0.182322314357742,0.259501452073075,-0.0355199867144498,0.552114414823069,0.5393;0.6212;0.165,0;0.118;0.4289,729.0,chr9,-,95720583-95721082,95718665-95719164
NSC34,Atg4b,intron1,intronic polyadenylation index,0.0030787182676461,0.0007479137143756,0.0023308045532704,-0.0012902179174972,0.0078714125548003,0.0086;6e-04;0,0;0;0.0022,729.0,chr1,+,93751632-93752131,93754355-93754854
NSC34,Atg4b,intron5,intronic polyadenylation index,0.474229054636183,0.471252520517833,0.0029765341183502,-0.250804138067068,0.262370577898808,0.3562;0.3328;0.7336,0.5623;0.2452;0.6063,729.0,chr1,+,93768375-93768874,93773220-93773719
NSC34,Atg4b,intron8,intronic polyadenylation index,0.450639638274964,0.336850116833133,0.113789521441831,-0.0491393997417013,0.276718442625363,0.4593;0.5522;0.3404,0.3591;0.1872;0.4642,729.0,chr1,+,93778415-93778914,93780168-93780667
NSC34,Atg4b,intron9,intronic polyadenylation index,0.548622604681217,0.519649047299923,0.0289735573812939,-0.0953134906696603,0.153260605432248,0.5207;0.6635;0.4617,0.487;0.6215;0.4504,729.0,chr1,+,93780962-93781461,93783793-93784292
NSC34,Atg4b,termexon,distal 3'UTR usage index,0.0601321926063908,0.0669694499514571,-0.0068372573450663,-0.0106128520852639,-0.0028020203348371,0.0586;0.0608;0.061,0.0629;0.0708;0.0673,729.0,chr1,+,93787686-93789147,93789148-93790610
NSC34,Mcu,termexon,distal 3'UTR usage index,0.460706519635063,0.477602217372005,-0.0168956977369423,-0.0524467569627445,0.0109729153388516,0.4464;0.4663;0.4694,0.5145;0.4538;0.4645,729.0,chr10,-,59447921-59448858,59446984-59447920
NSC34,Mcu,intron13,intronic polyadenylation index,0.476174180262479,0.455024671432841,0.0211495088296382,-0.079600937525412,0.121899955184688,0.4789;0.5504;0.3992,0.4871;0.5146;0.3635,729.0,chr10,-,59450656-59451155,59448909-59449408
NSC34,Mcu,intron9,intronic polyadenylation index,0.482799009766814,0.475764317326973,0.0070346924398405,-0.110908067995364,0.12627188176805,0.602;0.4825;0.3639,0.5371;0.4574;0.4328,729.0,chr10,-,59465904-59466403,59458211-59458710
NSC34,Micu1,intron6,intronic polyadenylation index,0.418500192720266,0.419552559235432,-0.0010523665151661,-0.0521494180292022,0.0593875990180107,0.3672;0.4094;0.479,0.4131;0.413;0.4326,729.0,chr10,+,59751756-59752255,59756156-59756655
NSC34,Micu1,intron7,intronic polyadenylation index,0.584909870903555,0.559609041995591,0.025300828907964,-0.0412264140841245,0.092118911252885,0.5782;0.5403;0.6363,0.5663;0.504;0.6085,729.0,chr10,+,59757225-59757724,59761863-59762362
NSC34,Micu1,intron8,intronic polyadenylation index,0.408064226445932,0.332760534259386,0.0753036921865463,-0.0200010392224468,0.189647177943765,0.5224;0.3394;0.3624,0.2683;0.3575;0.3725,729.0,chr10,+,59762707-59763206,59766534-59767033
NSC34,Micu1,termexon,distal 3'UTR usage index,0.4026974172838,0.440919393975133,-0.0382219766913339,-0.103386138270337,0.0132903240345427,0.3739;0.419;0.4152,0.507;0.3975;0.4183,729.0,chr10,+,59863179-59863655,59863656-59864132
NSC34,Cbarp,termexon,distal 3'UTR usage index,0.522536919706859,0.549908100855526,-0.0273711811486678,-0.0830848406818738,0.01444906637189,0.5076;0.5382;0.5218,0.6104;0.524;0.5154,729.0,chr10,-,80131351-80132251,80130451-80131350
NSC34,Cbarp,intron12,intronic polyadenylation index,0.382493479820903,0.380948500007111,0.0015449798137918,-0.255673907598993,0.258763867226577,0.4363;0.5698;0.1414,0.1736;0.4524;0.5168,729.0,chr10,-,80134011-80134510,80133236-80133735
NSC34,Atp2a3,intron17,intronic polyadenylation index,0.48064228397166,0.4932941658346,-0.0126518818629405,-0.12653630496332,0.101232541237439,0.5708;0.4755;0.3956,0.3944;0.5246;0.5608,729.0,chr11,+,72983596-72984095,72987424-72987923
NSC34,Atp2a3,intron21,intronic polyadenylation index,0.48029701816198,0.478281946195476,0.0020150719665046,-0.333044113855431,0.337074257788441,0.7856;0.3137;0.3416,0.7092;0.5497;0.176,729.0,chr11,+,72989611-72990110,72991139-72991638
NSC34,Atp2a3,termexon,distal 3'UTR usage index,0.347053615035764,0.393306656639879,-0.0462530416041152,-0.122027386226562,0.0183872728146611,0.3167;0.3747;0.3498,0.4754;0.3393;0.3652,729.0,chr11,+,72991689-72992366,72992367-72993044
NSC34,Pfkp,termexon,distal 3'UTR usage index,0.218980601962506,0.223890840153283,-0.0049102381907769,-0.0514146397840112,0.0449126787461844,0.2689;0.205;0.183,0.2497;0.1958;0.2261,729.0,chr13,-,6580680-6581592,6579768-6580679
NSC34,Pfkp,intron22,intronic polyadenylation index,0.500472765189448,0.521930424901089,-0.0214576597116409,-0.117796861537089,0.0431884246370527,0.3991;0.5565;0.5459,0.5027;0.5392;0.524,729.0,chr13,-,6584051-6584550,6582556-6583055
NSC34,Pfkp,intron18,intronic polyadenylation index,0.498562939484193,0.508236013788081,-0.0096730743038878,-0.127450414730847,0.118942733232221,0.5269;0.5178;0.4511,0.5215;0.6266;0.3766,729.0,chr13,-,6587939-6588438,6587164-6587663
NSC34,Pfkp,intron17,intronic polyadenylation index,0.573671894762247,0.561009249198721,0.0126626455635263,-0.0209188929421679,0.0482683387727454,0.5813;0.5874;0.5523,0.525;0.5907;0.5673,729.0,chr13,-,6597309-6597808,6596113-6596612
NSC34,Pfkp,intron14,intronic polyadenylation index,0.40432985663388,0.254653653743329,0.149676202890551,-0.114547866778015,0.413900272559118,0.3777;0.6491;0.1862,0.1161;0.2018;0.446,729.0,chr13,-,6601851-6602350,6600717-6601216
NSC34,Pfkp,intron9,intronic polyadenylation index,0.747632690617138,0.868160670477031,-0.120527979859893,-0.287417106610654,0.0734582471616267,0.816;0.6467;0.7802,0.6622;0.9936;0.9486,729.0,chr13,-,6613960-6614459,6605779-6606278
NSC34,Ryr2,termexon,distal 3'UTR usage index,0.559814966465585,0.583492874555277,-0.0236779080896918,-0.04339534683433,-0.0039604693450536,0.5427;0.5733;0.5635,0.5662;0.5894;0.5948,729.0,chr13,-,11553857-11554611,11553102-11553856
NSC34,Ryr2,intron103,intronic polyadenylation index,0.521814750515883,0.528358505594264,-0.0065437550783813,-0.0817896974597326,0.0564235421277268,0.4442;0.5834;0.5378,0.4976;0.5403;0.5473,729.0,chr13,-,11559974-11560473,11558162-11558661
NSC34,Ryr2,intron102,intronic polyadenylation index,0.588025556315686,0.446383511060848,0.141642045254838,-0.0470849182905755,0.330369008800251,0.6295;0.4014;0.7331,0.5955;0.3826;0.361,729.0,chr13,-,11566298-11566797,11560731-11561230
NSC34,Ryr2,intron101,intronic polyadenylation index,0.522020594710574,0.454403351550975,0.0676172431595992,-0.177167207932859,0.312401694252057,0.2969;0.7264;0.5427,0.5624;0.5433;0.2575,729.0,chr13,-,11567922-11568421,11567033-11567532
NSC34,Ryr2,intron100,intronic polyadenylation index,0.47206270620777,0.551456506618535,-0.0793938004107647,-0.161910225746641,0.0203419117756962,0.4437;0.5052;0.4673,0.4438;0.6298;0.5807,729.0,chr13,-,11571430-11571929,11568669-11569168
NSC34,Ryr2,intron99,intronic polyadenylation index,0.628139381660547,0.558410745389724,0.0697286362708237,-0.131472315019011,0.270929587560658,0.6352;0.4425;0.8067,0.472;0.4919;0.7114,729.0,chr13,-,11574389-11574888,11572357-11572856
NSC34,Ryr2,intron86,intronic polyadenylation index,0.472558055633746,0.304122383367818,0.168435672265928,0.0158749679365745,0.320996376595282,0.3201;0.5629;0.5346,0.1768;0.3439;0.3917,729.0,chr13,-,11618057-11618556,11605287-11605786
NSC34,Ryr2,intron84,intronic polyadenylation index,0.510514404588094,0.329067564515928,0.181446840072166,-0.0483695775503284,0.373743407902512,0.5951;0.5216;0.4149,0.2171;0.5834;0.1867,729.0,chr13,-,11620765-11621264,11619597-11620096
NSC34,Ryr2,intron82,intronic polyadenylation index,0.502669125960196,0.446101119952965,0.0565680060072315,-0.115447640797069,0.212519957905126,0.6493;0.3279;0.5308,0.425;0.5299;0.3834,729.0,chr13,-,11633757-11634256,11623052-11623551
NSC34,Ryr2,intron69,intronic polyadenylation index,0.664507801358141,0.793999588751995,-0.129491787393854,-0.348152805803059,0.0891692310153506,0.7902;0.7409;0.4624,0.9023;0.5758;0.9039,729.0,chr13,-,11665331-11665830,11662437-11662936
NSC34,Ryr2,intron55,intronic polyadenylation index,0.60272403785886,0.723680818062473,-0.120956780203614,-0.20797859986732,-0.0118920944467788,0.5908;0.5759;0.6415,0.7589;0.8038;0.6083,729.0,chr13,-,11705085-11705584,11703626-11704125
NSC34,Ryr2,intron9,intronic polyadenylation index,0.65278102424122,0.555981876803922,0.0967991474372989,-0.0163585734530007,0.21580016472515,0.6582;0.5874;0.7127,0.437;0.6512;0.5798,729.0,chr13,-,11882495-11882994,11879638-11880137
NSC34,Stimate,intron4,intronic polyadenylation index,0.502655340216374,0.507243640807369,-0.0045883005909941,-0.0707817674419027,0.0549380000520072,0.552;0.5238;0.4321,0.5311;0.4724;0.5182,729.0,chr14,+,30864575-30865074,30865895-30866394
NSC34,Stimate,intron6,intronic polyadenylation index,0.533185279907405,0.481525057002711,0.0516602229046934,-0.0076561777755064,0.110976623584893,0.569;0.5397;0.4908,0.4275;0.49;0.5271,729.0,chr14,+,30866795-30867294,30869962-30870461
NSC34,Stimate,termexon,distal 3'UTR usage index,0.258953299280244,0.26884914371423,-0.0098958444339851,-0.0658641746039864,0.0458299523223537,0.2999;0.2575;0.2195,0.2282;0.3157;0.2626,729.0,chr14,+,30874378-30875793,30875794-30877210
NSC34,Micu2,termexon,distal 3'UTR usage index,0.325470084903598,0.377304417360844,-0.0518343324572462,-0.0929936967681256,-0.0159150443111815,0.3164;0.3093;0.3507,0.4208;0.3567;0.3544,729.0,chr14,-,57916818-57917375,57916261-57916817
NSC34,Micu2,intron11,intronic polyadenylation index,0.636442319769939,0.599885126700671,0.0365571930692681,-0.175776869347646,0.21859407725072,0.5646;0.6435;0.7012,0.5463;0.8314;0.4219,729.0,chr14,-,57923390-57923889,57919983-57920482
NSC34,Micu2,intron10,intronic polyadenylation index,0.496626843960556,0.547385885899998,-0.0507590419394424,-0.242594055577924,0.140233626126611,0.3048;0.6583;0.5268,0.4533;0.6728;0.5161,729.0,chr14,-,57926647-57927146,57924162-57924661
NSC34,Micu2,intron7,intronic polyadenylation index,0.471698778771243,0.424342039982868,0.0473567387883753,-0.0199040761324574,0.109317377283901,0.4991;0.4771;0.4389,0.3671;0.4133;0.4927,729.0,chr14,-,57938066-57938565,57932780-57933279
NSC34,Micu2,intron6,intronic polyadenylation index,0.578927497748611,0.620085327982012,-0.0411578302334006,-0.157604280594989,0.0752886201281882,0.6462;0.5012;0.5893,0.5178;0.6202;0.7222,729.0,chr14,-,57943038-57943537,57938733-57939232
NSC34,Micu2,intron4,intronic polyadenylation index,0.675080748669804,0.467934520389137,0.207146228280666,-0.004382839609026,0.430808444967075,0.797;0.6093;0.6189,0.2436;0.4792;0.681,729.0,chr14,-,57953586-57954085,57945483-57945982
NSC34,Poldip3,termexon,distal 3'UTR usage index,0.435264696543234,0.438967649308948,-0.0037029527657145,-0.048951513694373,0.0406258345114549,0.4671;0.4152;0.4235,0.4842;0.4031;0.4296,729.0,chr15,-,83127016-83128055,83125976-83127015
NSC34,Poldip3,intron6,intronic polyadenylation index,0.553442810140624,0.525209432867909,0.0282333772727148,-0.0404212771423553,0.106754926165282,0.4848;0.5418;0.6338,0.5072;0.5342;0.5342,729.0,chr15,-,83130931-83131430,83129311-83129810
NSC34,Poldip3,intron3,intronic polyadenylation index,0.494613229975008,0.558860656482615,-0.0642474265076068,-0.274644524110542,0.183181913410568,0.6003;0.4908;0.3927,0.3055;0.7307;0.6404,729.0,chr15,-,83134744-83135243,83133377-83133876
NSC34,Poldip3,intron1,intronic polyadenylation index,0.683148304294055,0.6092789967827,0.0738693075113556,-0.121673154909028,0.269411769931739,0.5019;0.7663;0.7812,0.4289;0.7363;0.6626,729.0,chr15,-,83148645-83149144,83138573-83139072
NSC34,Kalrn,termexon,distal 3'UTR usage index,0.425933421982782,0.44274408191869,-0.0168106599359078,-0.0389005088087081,0.0062805639756977,0.449;0.4206;0.4082,0.4539;0.4279;0.4464,729.0,chr16,-,33972576-33976079,33969073-33972575
NSC34,Kalrn,intron67,intronic polyadenylation index,0.505498435572063,0.598565351549184,-0.093066915977121,-0.307822661898216,0.121688829943974,0.3139;0.6983;0.5043,0.7421;0.4822;0.5714,729.0,chr16,-,33982138-33982637,33978777-33979276
NSC34,Kalrn,intron60,intronic polyadenylation index,0.451578655270019,0.534936226886711,-0.0833575716166919,-0.265969701778807,0.122322141468462,0.5108;0.5111;0.3329,0.5768;0.3292;0.6988,729.0,chr16,-,34008720-34009219,33993714-33994213
NSC34,Kalrn,intron55,intronic polyadenylation index,0.460684631811469,0.391744738807162,0.0689398930043063,-0.0592270302342497,0.197106816242862,0.3577;0.4699;0.5544,0.4172;0.2851;0.473,729.0,chr16,-,34027388-34027887,34016681-34017180
NSC34,Kalrn,intron26,intronic polyadenylation index,1.0,0.989992128640504,0.0100078713594962,0.0,0.0300236140784886,1;1;1,0.97;1;1,729.0,chr16,-,34211608-34212107,34205381-34205880
NSC34,Kalrn,intron23,intronic polyadenylation index,0.0342287431886838,0.0152141726655435,0.0190145705231403,-0.008833253306547,0.0437985720147214,0.0216;0.0308;0.0503,0;0.0456;0,729.0,chr16,-,34217246-34217745,34215180-34215679
NSC34,Itpr3,termexon,distal 3'UTR usage index,0.247235849030431,0.271335530134983,-0.0240996811045515,-0.105890153693438,0.0576907914843352,0.307;0.2421;0.1926,0.3388;0.2078;0.2674,729.0,chr17,+,27121460-27121841,27121842-27122223
NSC34,Hdgfl2,intron2,intronic polyadenylation index,0.493952669110323,0.517866139908601,-0.0239134707982784,-0.149411685864448,0.107911683206771,0.6258;0.4339;0.4222,0.425;0.5307;0.5979,729.0,chr17,+,56080169-56080668,56080874-56081373
NSC34,Hdgfl2,intron5,intronic polyadenylation index,0.489880283868349,0.424464457581569,0.0654158262867799,0.0098083537940688,0.121023298779491,0.4609;0.5404;0.4683,0.3746;0.4619;0.4368,729.0,chr17,+,56082466-56082965,56092972-56093471
NSC34,Hdgfl2,intron6,intronic polyadenylation index,0.416418239948394,0.340989436902466,0.0754288030459282,0.0045091110162172,0.143101984176354,0.463;0.3455;0.4407,0.2902;0.3757;0.3571,729.0,chr17,+,56093773-56094272,56095467-56095966
NSC34,Stmn2,intron2,intronic polyadenylation index,0.301178798586807,0.153390444696878,0.147788353889929,0.0051515203570909,0.290425187422768,0.2678;0.207;0.4288,0.2739;0.0678;0.1186,729.0,chr3,+,8542488-8542987,8545023-8545522
NSC34,Stmn2,intron3,intronic polyadenylation index,0.605792060479743,0.629486130687385,-0.0236940702076418,-0.13419414559492,0.0635947624113955,0.6193;0.6369;0.5612,0.582;0.7468;0.5597,729.0,chr3,+,8548824-8549323,8554242-8554741
NSC34,Stmn2,termexon,distal 3'UTR usage index,0.373079023601774,0.374094968411404,-0.0010159448096296,-0.0319635700532248,0.0308896691755583,0.3504;0.3765;0.3924,0.3422;0.3871;0.393,729.0,chr3,+,8560266-8560935,8560936-8561606
NSC34,Gpsm2,termexon,distal 3'UTR usage index,0.242711876522881,0.281256755815201,-0.0385448792923193,-0.052952232384337,-0.0241375262003016,0.231;0.2541;0.2431,0.2682;0.2883;0.2873,729.0,chr3,-,108679221-108679803,108678638-108679220
NSC34,Gpsm2,intron11,intronic polyadenylation index,0.608546855267126,0.553639191445441,0.0549076638216849,-0.0536904639756833,0.176952810377535,0.5011;0.5934;0.7311,0.5563;0.6002;0.5044,729.0,chr3,-,108689216-108689715,108687050-108687549
NSC34,Gpsm2,intron10,intronic polyadenylation index,0.470961360778313,0.26141773359733,0.209543627180982,0.0910792213356781,0.324480492405822,0.3525;0.5541;0.5063,0.3211;0.2852;0.1779,729.0,chr3,-,108696399-108696898,108689887-108690386
NSC34,Agrn,termexon,distal 3'UTR usage index,0.447060868590447,0.506880646280976,-0.0598197776905289,-0.108132068351511,-0.0156190907590037,0.3987;0.4834;0.4591,0.5356;0.4974;0.4876,729.0,chr4,-,156165972-156166653,156165290-156165971
NSC34,Agrn,intron4,intronic polyadenylation index,0.447031210445332,0.582144651114432,-0.1351134406691,-0.374751518291918,0.104153284534681,0.5491;0.4932;0.2988,0.3544;0.8219;0.5702,729.0,chr4,-,156184538-156185037,156179659-156180158
NSC34,Agrn,intron2,intronic polyadenylation index,0.507304982922307,0.52420167170073,-0.0168966887784237,-0.0946235460161883,0.0685517548157577,0.4851;0.5928;0.4441,0.5545;0.5481;0.47,729.0,chr4,-,156194694-156195193,156186158-156186657
NSC34,Stim2,intron8,intronic polyadenylation index,0.447024803774302,0.393047277774042,0.05397752600026,-0.0974966412258903,0.20545169322641,0.5451;0.4674;0.3285,0.4108;0.5031;0.2652,729.0,chr5,+,54105449-54105948,54109153-54109652
NSC34,Stim2,intron13,intronic polyadenylation index,0.459433642614065,0.575477383656295,-0.11604374104223,-0.398502504189024,0.164174528487585,0.6613;0.2049;0.5121,0.4147;0.8057;0.5061,729.0,chr5,+,54116243-54116742,54117722-54118221
NSC34,Stim2,termexon,distal 3'UTR usage index,0.0618256750137802,0.0636424451828671,-0.0018167701690869,-0.0167559681476979,0.0145338011922928,0.0499;0.0782;0.0574,0.0556;0.0632;0.0721,729.0,chr5,+,54118272-54119664,54119665-54121057
NSC34,Atp2a2,termexon,distal 3'UTR usage index,0.385476598485574,0.381682398750014,0.0037941997355593,-0.0143774913809616,0.0313605670942967,0.3868;0.3802;0.3895,0.3984;0.3934;0.3532,729.0,chr5,-,122453909-122454304,122453513-122453908
NSC34,Atp2a2,intron20,intronic polyadenylation index,0.5118930518733,0.460779977633575,0.0511130742397253,0.012554465492234,0.0896716829872168,0.522;0.5375;0.4762,0.4426;0.497;0.4427,729.0,chr5,-,122455343-122455842,122454355-122454854
NSC34,Atp2a2,intron11,intronic polyadenylation index,0.65614814848868,0.602051633421759,0.0540965150669211,-0.0957734381369795,0.204280108208262,0.5794;0.684;0.705,0.4493;0.7533;0.6036,729.0,chr5,-,122465400-122465899,122462036-122462535
NSC34,Atp2a2,intron5,intronic polyadenylation index,0.510041322286,0.376137352738327,0.133903969547672,0.0172007741581016,0.266816501756385,0.5335;0.4364;0.5602,0.2343;0.4607;0.4334,729.0,chr5,-,122488332-122488831,122473341-122473840
NSC34,Orai1,termexon,distal 3'UTR usage index,0.217553643097655,0.230386749242388,-0.0128331061447326,-0.0928750277747087,0.0706536866880273,0.3022;0.213;0.1375,0.1909;0.263;0.2372,729.0,chr5,+,123029075-123029765,123029766-123030456
NSC34,Orai2,termexon,distal 3'UTR usage index,0.399805895406947,0.438114888020229,-0.0383089926132816,-0.0678084890306427,-0.005890482947985,0.4189;0.398;0.3825,0.4578;0.4057;0.4509,729.0,chr5,-,136149206-136150952,136147459-136149205
NSC34,Orai2,intron3,intronic polyadenylation index,0.729201481023295,0.674204466797645,0.0549970142256495,-0.112988460776657,0.239455906695312,0.6459;0.6145;0.9272,0.5969;0.6375;0.7882,729.0,chr5,-,136160937-136161436,136151003-136151502
NSC34,Actl6b,intron1,intronic polyadenylation index,0.578777194730916,0.503546349618997,0.0752308451119194,-0.109794226301074,0.325944537542358,0.5476;0.5368;0.6519,0.6837;0.5833;0.2437,729.0,chr5,+,137556707-137557206,137562557-137563056
NSC34,Actl6b,intron2,intronic polyadenylation index,0.687814278860586,0.614835465896518,0.0729788129640679,-0.0888768605283404,0.208484357724172,0.7146;0.6251;0.7237,0.5879;0.4788;0.7778,729.0,chr5,+,137563255-137563754,137563941-137564440
NSC34,Actl6b,intron10,intronic polyadenylation index,0.480288901836422,0.478458436812862,0.0018304650235599,-0.0531876156823327,0.0575093888425175,0.5144;0.4818;0.4447,0.4932;0.4228;0.5194,729.0,chr5,+,137567394-137567893,137568756-137569255
NSC34,Itpr1,intron33,intronic polyadenylation index,0.986351849324417,0.986618678479144,-0.000266829154727,-0.027563130505894,0.0267626430417128,1;0.9591;1,1;1;0.9599,729.0,chr6,+,108401564-108402063,108402722-108403221
NSC34,Itpr1,intron38,intronic polyadenylation index,0.398567493633432,0.503432051145986,-0.104864557512554,-0.424137722632851,0.216168457039493,0.3408;0.1351;0.7198,0.7504;0.3826;0.3773,729.0,chr6,+,108414004-108414503,108414720-108415219
NSC34,Itpr1,intron41,intronic polyadenylation index,0.706299073252263,0.756519907829466,-0.0502208345772028,-0.220393232625388,0.0878350101035518,0.5345;0.7377;0.8468,0.7407;0.7669;0.762,729.0,chr6,+,108423416-108423915,108430911-108431410
NSC34,Itpr1,termexon,distal 3'UTR usage index,0.426682785746455,0.423587784852915,0.00309500089354,-0.0184796442246595,0.027404173153295,0.4355;0.4177;0.4269,0.4268;0.4452;0.3988,729.0,chr6,+,108549753-108550430,108550431-108551109
NSC34,Setd5,intron1,intronic polyadenylation index,0.398565759160868,0.497206675667292,-0.098640916506424,-0.326167287991624,0.0772693050682591,0.4921;0.3305;0.3731,0.3728;0.7389;0.3799,729.0,chr6,+,113077763-113078262,113104385-113104884
NSC34,Setd5,intron4,intronic polyadenylation index,0.423225936266819,0.463867818532684,-0.0406418822658657,-0.0886341711606875,0.0359517905255332,0.4127;0.4345;0.4225,0.384;0.5013;0.5063,729.0,chr6,+,113107612-113108111,113108323-113108822
NSC34,Setd5,intron14,intronic polyadenylation index,0.475480981735026,0.483885894686286,-0.0084049129512604,-0.093776508495109,0.0741311693243305,0.5139;0.4076;0.505,0.428;0.4544;0.5693,729.0,chr6,+,113121861-113122360,113124799-113125298
NSC34,Setd5,intron15,intronic polyadenylation index,0.419068494993832,0.431594169605051,-0.0125256746112192,-0.0968504485234479,0.0717990993010095,0.3667;0.473;0.4175,0.5053;0.4309;0.3586,729.0,chr6,+,113130433-113130932,113137403-113137902
NSC34,Setd5,intron16,intronic polyadenylation index,0.570641971276778,0.562175563151352,0.0084664081254255,-0.073872422611365,0.090805238862216,0.6019;0.615;0.4951,0.6262;0.5612;0.4991,729.0,chr6,+,113138562-113139061,113143063-113143562
NSC34,Setd5,intron17,intronic polyadenylation index,0.608100587459649,0.572111852162869,0.0359887352967803,-0.0575859756933249,0.132142515884431,0.7049;0.5254;0.594,0.6204;0.5767;0.5192,729.0,chr6,+,113144134-113144633,113146890-113147389
NSC34,Setd5,intron18,intronic polyadenylation index,0.459853282315294,0.354588701181607,0.105264581133687,0.0582246547873078,0.142647170857949,0.4581;0.4499;0.4715,0.3424;0.4044;0.3169,729.0,chr6,+,113147789-113148288,113149005-113149504
NSC34,Setd5,termexon,distal 3'UTR usage index,0.501021984428977,0.518079614569487,-0.0170576301405108,-0.0350076026131,0.0003165891861642,0.4829;0.5167;0.5034,0.5278;0.5095;0.5169,729.0,chr6,+,113150862-113152148,113152149-113153435
NSC34,Itpr2,termexon,distal 3'UTR usage index,0.397409746707814,0.433383746473919,-0.0359739997661054,-0.0871544638453864,0.0152064643131757,0.4253;0.3601;0.4068,0.4422;0.3848;0.4732,729.0,chr6,-,146110028-146111757,146108299-146110027
NSC34,Itpr2,intron53,intronic polyadenylation index,0.749652235155481,0.686450028248251,0.0632022069072307,-0.0808540218406624,0.223425753152523,0.8118;0.7633;0.6738,0.8061;0.5119;0.7413,729.0,chr6,-,146179630-146180129,146173459-146173958
NSC34,Itpr2,intron51,intronic polyadenylation index,0.0128832775057975,0.0230814862751443,-0.0101982087693468,-0.0563611813196353,0.0257665550115949,0.0386;0;0,0.0692;0;0,729.0,chr6,-,146189906-146190405,146187616-146188115
NSC34,Stim1,intron11,intronic polyadenylation index,0.616832805232967,0.6043380755673,0.0124947296656666,-0.111874068027807,0.162701328053573,0.5469;0.767;0.5365,0.6301;0.6628;0.5201,729.0,chr7,+,102428917-102429416,102430201-102430700
NSC34,Stim1,intron12,intronic polyadenylation index,0.532723108618971,0.621397300811297,-0.088674192192326,-0.286657856776574,0.109309472391922,0.5037;0.7244;0.3701,0.497;0.6305;0.7366,729.0,chr7,+,102431326-102431825,102432647-102433146
NSC34,Stim1,intron13,intronic polyadenylation index,0.361946748184734,0.383614527570127,-0.0216677793853933,-0.243815246612137,0.200479687841351,0.561;0.2449;0.2799,0.5816;0.2313;0.338,729.0,chr7,+,102433284-102433783,102434834-102435333
NSC34,Stim1,termexon,distal 3'UTR usage index,0.384154559863137,0.433949863925299,-0.0497953040621616,-0.100590507738096,0.0018762531828472,0.399;0.3736;0.3798,0.4868;0.3799;0.4351,729.0,chr7,+,102435384-102436351,102436352-102437319
NSC34,Orai3,intron2,intronic polyadenylation index,0.610199561075158,0.528041727859532,0.0821578332156255,-0.0159995237346697,0.164039617862319,0.5655;0.6508;0.6143,0.4752;0.6346;0.4743,729.0,chr7,+,127770929-127771428,127773007-127773506
NSC34,Orai3,termexon,distal 3'UTR usage index,0.409534725766777,0.40604641810928,0.0034883076574976,-0.0713095010856377,0.0919913996053466,0.4002;0.4443;0.3842,0.4805;0.3162;0.4214,729.0,chr7,+,127773557-127774353,127774354-127775150
NSC34,Cracr2b,termexon,distal 3'UTR usage index,0.193470387718388,0.213897389418232,-0.0204270016998438,-0.07270190686249,0.0318479034628023,0.2339;0.2035;0.143,0.2421;0.2235;0.1761,729.0,chr7,+,141466009-141466310,141466311-141466613
NSC34,Saraf,intron2,intronic polyadenylation index,0.405648055971286,0.408044874959316,-0.0023968189880305,-0.180187154808073,0.217433658939361,0.4488;0.4385;0.3297,0.4528;0.5865;0.1848,729.0,chr8,+,34155464-34155963,34157931-34158430
NSC34,Saraf,intron5,intronic polyadenylation index,0.77847433042657,0.573979038813493,0.204495291613076,0.0152990084155956,0.342505650903899,0.7781;0.8258;0.7316,0.7787;0.4875;0.4558,729.0,chr8,+,34165591-34166090,34167169-34167668
NSC34,Saraf,intron6,intronic polyadenylation index,0.463693663559627,0.4546183374295,0.0090753261301261,-0.107704770969446,0.125626992039528,0.3577;0.5031;0.5302,0.5631;0.3852;0.4156,729.0,chr8,+,34168662-34169161,34169546-34170045
NSC34,Saraf,termexon,distal 3'UTR usage index,0.277896746594747,0.305593430770985,-0.0276966841762378,-0.0716442287119055,0.0047690731293147,0.2717;0.2821;0.2799,0.3505;0.2724;0.2939,729.0,chr8,+,34170096-34170470,34170471-34170845
NSC34,Micu3,intron4,intronic polyadenylation index,0.216251507719063,0.223210746996364,-0.0069592392773006,-0.129806754959051,0.116095414300631,0.1416;0.1968;0.3104,0.2184;0.3258;0.1254,729.0,chr8,+,40349069-40349568,40351486-40351985
NSC34,Micu3,intron5,intronic polyadenylation index,0.327989189853219,0.461138151350066,-0.133148961496847,-0.204570052110945,-0.061493357628976,0.2821;0.3842;0.3176,0.4069;0.4567;0.5198,729.0,chr8,+,40352134-40352633,40353753-40354252
NSC34,Micu3,intron8,intronic polyadenylation index,0.418589125483724,0.439692098610239,-0.0211029731265155,-0.142325885121785,0.100119938868754,0.3974;0.3202;0.5382,0.3916;0.5366;0.3909,729.0,chr8,+,40359499-40359998,40365599-40366098
NSC34,Micu3,intron9,intronic polyadenylation index,0.501408455321639,0.537692054793326,-0.0362835994716868,-0.152111533909752,0.0678187534843955,0.4497;0.4971;0.5575,0.449;0.6535;0.5106,729.0,chr8,+,40366295-40366794,40374987-40375486
NSC34,Micu3,intron12,intronic polyadenylation index,0.639213829752857,0.617087765607987,0.0221260641448696,-0.174442691383966,0.202231955354911,0.4426;0.7352;0.7398,0.5012;0.7443;0.6058,729.0,chr8,+,40378991-40379490,40380122-40380621
NSC34,Micu3,intron13,intronic polyadenylation index,0.397592592466699,0.373471242415163,0.0241213500515368,-0.336699625988597,0.39747440712161,0.1928;0.603;0.397,0.4481;0.6723;0,729.0,chr8,+,40380880-40381379,40381559-40382058
NSC34,Micu3,intron14,intronic polyadenylation index,0.589383613878093,0.59979317532977,-0.0104095614516763,-0.149733868284282,0.12896032072786,0.5186;0.5765;0.673,0.615;0.724;0.4604,729.0,chr8,+,40382228-40382727,40384059-40384558
NSC34,Micu3,termexon,distal 3'UTR usage index,0.540868304730256,0.580765464709123,-0.0398971599788669,-0.0643232232997119,-0.0102298739945587,0.5303;0.5706;0.5217,0.5892;0.5883;0.5649,729.0,chr8,+,40384609-40385458,40385459-40386308
NSC34,Unc13a,termexon,distal 3'UTR usage index,0.348194548795296,0.367804965393285,-0.0196104165979888,-0.0819375966222952,0.0390932243535869,0.3863;0.3399;0.3184,0.4301;0.322;0.3513,729.0,chr8,-,71627070-71629723,71624417-71627069
NSC34,Unc13a,intron41,intronic polyadenylation index,0.364378147418774,0.340002164263918,0.0243759831548552,-0.0274687224878166,0.076220688797527,0.3285;0.3512;0.4134,0.3106;0.3812;0.3281,729.0,chr8,-,71632889-71633388,71631097-71631596
NSC34,Unc13a,intron37,intronic polyadenylation index,0.611401818711541,0.551700873599692,0.059700945111849,0.0200642982167636,0.102924668831775,0.6571;0.5694;0.6077,0.5382;0.5549;0.562,729.0,chr8,-,71635988-71636487,71635277-71635776
NSC34,Unc13a,intron36,intronic polyadenylation index,0.423286499006156,0.433365448382996,-0.01007894937684,-0.0805184520183028,0.0603605532646229,0.4288;0.3604;0.4806,0.4715;0.3804;0.4481,729.0,chr8,-,71637222-71637721,71636618-71637117
NSC34,Unc13a,intron35,intronic polyadenylation index,0.398798444268213,0.33400188001663,0.0647965642515828,0.0134195458741488,0.117990845686911,0.3788;0.3656;0.452,0.3626;0.294;0.3454,729.0,chr8,-,71638667-71639166,71637978-71638477
NSC34,Unc13a,intron33,intronic polyadenylation index,0.110729632837574,0.117332964284616,-0.0066033314470418,-0.057399821078748,0.0559117396371631,0.1288;0.1173;0.086,0.1405;0.1606;0.051,729.0,chr8,-,71640806-71641305,71639874-71640373
NSC34,Unc13a,intron29,intronic polyadenylation index,0.485578802583476,0.499070823116331,-0.0134920205328549,-0.208724831791446,0.196321215626344,0.6981;0.2875;0.4712,0.4876;0.4955;0.5141,729.0,chr8,-,71644003-71644502,71643226-71643725
NSC34,Unc13a,intron25,intronic polyadenylation index,0.561892183235265,0.550889486284465,0.0110026969508005,-0.104659473413927,0.126664867315528,0.4655;0.6644;0.5558,0.5472;0.4787;0.6268,729.0,chr8,-,71647351-71647850,71646034-71646533
NSC34,Unc13a,intron10,intronic polyadenylation index,0.807868742307707,0.8099359035796,-0.0020671612718929,-0.0736406894650835,0.0937752883564534,0.8219;0.7754;0.8263,0.8764;0.8407;0.7126,729.0,chr8,-,71657453-71657952,71656352-71656851
NSC34,Unc13a,intron8,intronic polyadenylation index,0.551568617796404,0.562315437473988,-0.0107468196775836,-0.0811205502177166,0.0596269108625493,0.5043;0.5321;0.6183,0.5868;0.5015;0.5987,729.0,chr8,-,71659791-71660290,71658852-71659351
NSC34,Unc13a,intron3,intronic polyadenylation index,0.433774047502223,0.511501751531273,-0.0777277040290501,-0.162469841841838,0.015467520309731,0.3469;0.5291;0.4253,0.5212;0.5099;0.5034,729.0,chr8,-,71665429-71665928,71664327-71664826
NSC34,Unc13a,intron1,intronic polyadenylation index,0.454836654714471,0.398313503252805,0.0565231514616655,-0.0015177348011229,0.126214602016788,0.426;0.4866;0.4519,0.3275;0.4426;0.4248,729.0,chr8,-,71671076-71671575,71668133-71668632
NSC34,Elavl3,termexon,distal 3'UTR usage index,0.461136694776352,0.447054244720803,0.0140824500555489,-0.0271574507175315,0.0512804567169964,0.4836;0.4559;0.4438,0.4923;0.4205;0.4283,729.0,chr9,-,22016930-22018854,22015005-22016929
NSC34,Elavl3,intron6,intronic polyadenylation index,0.327903975400343,0.316936436776242,0.010967538624101,-0.0660398165945031,0.0883413963247339,0.4053;0.265;0.3135,0.3396;0.2602;0.351,729.0,chr9,-,22022261-22022760,22018905-22019404
NSC34,Elavl3,intron5,intronic polyadenylation index,0.38317670865031,0.450727555249348,-0.0675508465990378,-0.166359904592037,0.0307548825473865,0.3931;0.4556;0.3008,0.4401;0.3852;0.5269,729.0,chr9,-,22025623-22026122,22024763-22025262
NSC34,Elavl3,intron3,intronic polyadenylation index,0.381850549967832,0.328879852394083,0.0529706975737493,-0.0259435781465718,0.13188497329407,0.3994;0.3053;0.4409,0.2651;0.3663;0.3552,729.0,chr9,-,22035762-22036261,22026712-22027211
NSC34,Elavl3,intron1,intronic polyadenylation index,0.478530453554278,0.562196739250256,-0.0836662856959772,-0.155182262238526,-0.0123219686464576,0.4163;0.4918;0.5275,0.62;0.5167;0.5499,729.0,chr9,-,22051040-22051539,22036911-22037410
