comparison,flank,chrom,start,end,junction_class,lsv_type,PSI_knockdown,PSI_control,delta_PSI,CI95_low,CI95_high,q_value,reads_knockdown,reads_control,LSV_total_knockdown,LSV_total_control
C2C12,upstream,5,54109871,54110115,annotated,donor,0.0525895,0.07883425,-0.02624475,-0.0562652180551425,0.001398940330238,0.5424069619507695,64.0,89.0,1244.0,1165.0
C2C12,downstream,5,54110140,54110536,annotated,acceptor,0.06383725,0.0825835,-0.01874625,-0.0380776110503825,0.0016367621868013,0.7635190979275716,77.0,92.0,1246.0,1160.0
K562 total RNA,downstream,4,27008007,27008427,annotated,acceptor,0.08883225,0.035093,0.05373925,-0.0243684014629437,0.1598277608915906,0.4981230574610944,8.0,3.0,87.0,90.0
NSC34,upstream,5,54109871,54110115,annotated,donor,0.0575885,0.03634275,0.02124575,-0.032617797061734,0.0667607468519322,0.7261681304357278,20.0,17.0,358.0,404.0
NSC34,downstream,5,54110140,54110536,annotated,acceptor,0.0625875,0.03134375,0.03124375,-0.0198785963328065,0.0775737219979662,0.5027755127491498,22.0,14.0,360.0,401.0
SH-SY5Y 75 ng/mL,upstream,4,27007701,27007982,annotated,donor,0.1425715,0.01634675,0.12622475,0.0221149203283438,0.2864906832298137,0.0541448368964777,19.0,2.0,121.0,123.0
SH-SY5Y 75 ng/mL,downstream,4,27008007,27008427,annotated,acceptor,0.16881625,0.020096,0.14872025,0.052823315118397,0.1932773109243697,0.0326580349887928,20.0,3.0,122.0,124.0
SH-SY5Y 25 ng/mL,upstream,4,27007701,27007982,annotated,donor,0.135073,0.01634675,0.11872625,-0.016260162601626,0.3438449848024316,0.1005069587975511,29.0,2.0,189.0,123.0
SH-SY5Y 25 ng/mL,downstream,4,27008007,27008427,annotated,acceptor,0.13632275,0.020096,0.1162267499999999,-0.0241935483870967,0.3965282505105514,0.1412617934521235,31.0,3.0,191.0,124.0
"iPSC-MN, TDP-43 KD",upstream,4,27007701,27007982,annotated,donor,0.2238052499999999,0.1575685,0.0662367499999999,-0.1181818181818181,0.2340425531914893,0.7434397200515802,13.0,6.0,58.0,37.0
"iPSC-MN, TDP-43 KD",downstream,4,27008007,27008427,annotated,acceptor,0.1375725,0.1125775,0.0249949999999999,-0.100271002710027,0.1818181818181818,0.9027222045111644,7.0,4.0,52.0,35.0
"iPSC-MN, FUS KD",upstream,4,27007701,27007982,annotated,donor,0.19381125,0.15381925,0.039992,-0.1604651162790697,0.2692307692307692,0.9053015115745066,13.0,6.0,69.0,37.0
"iPSC-MN, TAF15 KD",upstream,4,27007701,27007982,annotated,donor,0.1875625,0.1575685,0.0299939999999999,-0.1181818181818181,0.1891891891891892,0.9131669973273624,13.0,6.0,70.0,37.0
"iPSC-MN, TAF15 KD",downstream,4,27008007,27008427,annotated,acceptor,0.18631275,0.1125775,0.07373525,-0.0659722222222222,0.2105263157894736,0.6869443012778903,13.0,4.0,70.0,35.0
iPSC colonies,upstream,4,27007701,27007982,annotated,donor,0.1825635,0.1550689999999999,0.0274945,-0.0139386481792318,0.0684431712923256,0.7539402473647404,557.0,349.0,3131.0,2277.0
iPSC colonies,downstream,4,27008007,27008427,annotated,acceptor,0.1513197499999999,0.13132375,0.0199959999999999,-0.0138632888848147,0.0507301258466567,0.8227615596077081,441.0,281.0,3015.0,2209.0
