group,region,variable,adjustment,n_case,n_control,cliffs_delta,p_value,q_value
ALS,Cerebellum,TRPC1,none,158,38,0.5379746835443038,2.7109076630606996e-07,9.488176820712449e-07
ALS,Cerebellum,TRPC1,SNAP25,158,38,0.379746835443038,0.0002839275545338375,0.0009937464408684312
ALS,Cerebellum,TRPC1,RBFOX3,158,38,0.2844770153231179,0.00655645656658133,0.009179039193213862
ALS,Cerebellum,TRPC1,SNAP25 + GFAP,158,38,0.2558294470353098,0.014499534780379285,0.02537418586566375
ALS,Cerebellum,TRPC1,RBFOX3 + GFAP,158,38,0.3031312458361093,0.003768188422177006,0.008792439651746347
ALS,Cerebellum,SNAP25,none (marker itself),158,38,0.38574283810792803,0.00022702666094240464,0.0005297288755322775
ALS,Cerebellum,RBFOX3,none (marker itself),158,38,-0.6242504996668887,2.4094797219927205e-09,1.6866358053949042e-08
ALS,Cerebellum,GFAP,none (marker itself),158,38,0.22051965356429049,0.03511653619445611,0.12815298227010935
Other neurological disorders,Cerebellum,TRPC1,none,49,38,-0.4070891514500537,0.0011990446336923013,0.0011990446336923013
Other neurological disorders,Cerebellum,TRPC1,SNAP25,49,38,-0.39742212674543503,0.001566424573939305,0.0023496368609089574
Other neurological disorders,Cerebellum,TRPC1,RBFOX3,49,38,-0.4178302900107411,0.0008851856264593406,0.0013277784396890108
Other neurological disorders,Cerebellum,TRPC1,SNAP25 + GFAP,49,38,-0.38990332975295383,0.0019209895274603587,0.002881484291190538
Other neurological disorders,Cerebellum,TRPC1,RBFOX3 + GFAP,49,38,-0.42105263157894735,0.0008070717944784939,0.0012106076917177409
Other neurological disorders,Cerebellum,SNAP25,none (marker itself),49,38,-0.22771213748657357,0.07030144540527267,0.07030144540527267
Other neurological disorders,Cerebellum,RBFOX3,none (marker itself),49,38,0.036519871106337275,0.7743538852084124,0.7743538852084124
Other neurological disorders,Cerebellum,GFAP,none (marker itself),49,38,0.00966702470461869,0.9420123406714913,0.9420123406714914
ALS,Cortex Frontal,TRPC1,none,154,56,0.48631725417439703,7.292466074504537e-08,5.104726252153176e-07
ALS,Cortex Frontal,TRPC1,SNAP25,154,56,0.3297773654916512,0.00026181998419838815,0.0009937464408684312
ALS,Cortex Frontal,TRPC1,RBFOX3,154,56,0.41164192949907236,5.191016644001395e-06,3.6337116508009764e-05
ALS,Cortex Frontal,TRPC1,SNAP25 + GFAP,154,56,0.3334879406307978,0.00022293538142836023,0.0015605476699985215
ALS,Cortex Frontal,TRPC1,RBFOX3 + GFAP,154,56,0.37940630797773656,2.6695739908314157e-05,0.0001868701793581991
ALS,Cortex Frontal,SNAP25,none (marker itself),154,56,0.39865491651205937,1.018971225475275e-05,7.132798578326924e-05
ALS,Cortex Frontal,RBFOX3,none (marker itself),154,56,-0.37940630797773656,2.6695739908314157e-05,9.343508967909954e-05
ALS,Cortex Frontal,GFAP,none (marker itself),154,56,-0.045454545454545456,0.6156365689278075,0.7182426637491087
Other neurological disorders,Cortex Frontal,TRPC1,none,45,56,-0.7174603174603175,6.6872874442773e-10,2.00618623328319e-09
Other neurological disorders,Cortex Frontal,TRPC1,SNAP25,45,56,-0.49682539682539684,1.9214069237699825e-05,5.7642207713099475e-05
Other neurological disorders,Cortex Frontal,TRPC1,RBFOX3,45,56,-0.6817460317460318,4.468516949160245e-09,1.3405550847480733e-08
Other neurological disorders,Cortex Frontal,TRPC1,SNAP25 + GFAP,45,56,-0.4222222222222222,0.0002817102949635242,0.0008451308848905726
Other neurological disorders,Cortex Frontal,TRPC1,RBFOX3 + GFAP,45,56,-0.46825396825396826,5.6287487533992376e-05,0.00016886246260197713
Other neurological disorders,Cortex Frontal,SNAP25,none (marker itself),45,56,-0.5706349206349206,9.141540658135504e-07,2.742462197440651e-06
Other neurological disorders,Cortex Frontal,RBFOX3,none (marker itself),45,56,-0.32063492063492066,0.005833770419210368,0.008750655628815551
Other neurological disorders,Cortex Frontal,GFAP,none (marker itself),45,56,0.5880952380952381,4.201588241837386e-07,1.2604764725512158e-06
ALS,Cortex Motor Lateral,TRPC1,none,82,18,0.510840108401084,0.0007303141281149214,0.0013530659083402742
ALS,Cortex Motor Lateral,TRPC1,SNAP25,82,18,0.513550135501355,0.0006840774563557288,0.0015961807314967002
ALS,Cortex Motor Lateral,TRPC1,RBFOX3,82,18,0.4132791327913279,0.0062959123126966905,0.009179039193213862
ALS,Cortex Motor Lateral,TRPC1,SNAP25 + GFAP,82,18,0.4932249322493225,0.0011090139747753143,0.0038815489117136003
ALS,Cortex Motor Lateral,TRPC1,RBFOX3 + GFAP,82,18,0.3021680216802168,0.04590579557643207,0.08033514225875613
ALS,Cortex Motor Lateral,SNAP25,none (marker itself),82,18,0.19241192411924118,0.20425185893187914,0.23829383542052565
ALS,Cortex Motor Lateral,RBFOX3,none (marker itself),82,18,-0.46612466124661245,0.002057086562823851,0.004799868646588985
ALS,Cortex Motor Lateral,GFAP,none (marker itself),82,18,-0.08943089430894309,0.5567587791076962,0.7182426637491087
ALS,Cortex Motor Medial,TRPC1,none,81,19,0.4645873944119558,0.0017083620373260153,0.002391706852256421
ALS,Cortex Motor Medial,TRPC1,SNAP25,81,19,0.4346978557504873,0.0033391843693007404,0.0058435726462762955
ALS,Cortex Motor Medial,TRPC1,RBFOX3,81,19,0.4294996751137102,0.003737467795833319,0.008720758190277745
ALS,Cortex Motor Medial,TRPC1,SNAP25 + GFAP,81,19,0.4074074074074074,0.0059569622324769774,0.01389957854244628
ALS,Cortex Motor Medial,TRPC1,RBFOX3 + GFAP,81,19,0.5464587394411956,0.00022400288046504246,0.0007840100816276486
ALS,Cortex Motor Medial,SNAP25,none (marker itself),81,19,0.2761533463287849,0.0625023288886136,0.10937907555507378
ALS,Cortex Motor Medial,RBFOX3,none (marker itself),81,19,-0.31773879142300193,0.0320425111136544,0.04485951555911616
ALS,Cortex Motor Medial,GFAP,none (marker itself),81,19,0.2111760883690708,0.1546214866236703,0.36078346878856404
ALS,Cortex Occipital,TRPC1,none,45,11,0.17575757575757575,0.3751938810660297,0.3751938810660297
ALS,Cortex Occipital,TRPC1,SNAP25,45,11,-0.11515151515151516,0.5636406769846107,0.5636406769846107
ALS,Cortex Occipital,TRPC1,RBFOX3,45,11,0.1797979797979798,0.36419034224579794,0.364190342245798
ALS,Cortex Occipital,TRPC1,SNAP25 + GFAP,45,11,-0.1111111111111111,0.5776508260652256,0.5776508260652256
ALS,Cortex Occipital,TRPC1,RBFOX3 + GFAP,45,11,-0.01818181818181818,0.9342556679320029,0.9342556679320028
ALS,Cortex Occipital,SNAP25,none (marker itself),45,11,0.13535353535353536,0.496151813220973,0.496151813220973
ALS,Cortex Occipital,RBFOX3,none (marker itself),45,11,-0.1111111111111111,0.5776508260652256,0.5776508260652256
ALS,Cortex Occipital,GFAP,none (marker itself),45,11,-0.21212121212121213,0.2835435852279058,0.49620127414883514
ALS,Cortex Temporal,TRPC1,none,25,24,0.44666666666666666,0.007585124695370977,0.008849312144599475
ALS,Cortex Temporal,TRPC1,SNAP25,25,24,0.31666666666666665,0.05875796008081886,0.08226114411314642
ALS,Cortex Temporal,TRPC1,RBFOX3,25,24,0.34,0.04235653928534454,0.04941596249956862
ALS,Cortex Temporal,TRPC1,SNAP25 + GFAP,25,24,0.33666666666666667,0.04443118885886295,0.06220366440240813
ALS,Cortex Temporal,TRPC1,RBFOX3 + GFAP,25,24,0.2966666666666667,0.07672714072574244,0.10741799701603942
ALS,Cortex Temporal,SNAP25,none (marker itself),25,24,0.29,0.08363027522718985,0.11708238531806581
ALS,Cortex Temporal,RBFOX3,none (marker itself),25,24,-0.49333333333333335,0.0031777392947297334,0.005561043765777034
ALS,Cortex Temporal,GFAP,none (marker itself),25,24,-0.05333333333333334,0.7565609563559614,0.7565609563559613
Other neurological disorders,Cortex Temporal,TRPC1,none,35,24,-0.5714285714285714,0.0002193981391001864,0.0003290972086502796
Other neurological disorders,Cortex Temporal,TRPC1,SNAP25,35,24,-0.16904761904761906,0.2766663581465876,0.2766663581465876
Other neurological disorders,Cortex Temporal,TRPC1,RBFOX3,35,24,-0.3904761904761905,0.0116404809240538,0.0116404809240538
Other neurological disorders,Cortex Temporal,TRPC1,SNAP25 + GFAP,35,24,-0.15714285714285714,0.3121662886731402,0.3121662886731402
Other neurological disorders,Cortex Temporal,TRPC1,RBFOX3 + GFAP,35,24,-0.18571428571428572,0.23175472441333733,0.23175472441333733
Other neurological disorders,Cortex Temporal,SNAP25,none (marker itself),35,24,-0.5523809523809524,0.0003540996275801053,0.0005311494413701579
Other neurological disorders,Cortex Temporal,RBFOX3,none (marker itself),35,24,-0.4452380952380952,0.00400512918550327,0.008750655628815551
Other neurological disorders,Cortex Temporal,GFAP,none (marker itself),35,24,0.6404761904761904,3.427247432667144e-05,5.140871149000716e-05
ALS,Hippocampus,TRPC1,none,29,11,0.6990595611285266,0.0007731805190515853,0.0013530659083402742
ALS,Hippocampus,TRPC1,SNAP25,29,11,0.329153605015674,0.11523456496407007,0.1344403257914151
ALS,Hippocampus,TRPC1,RBFOX3,29,11,0.6551724137931034,0.0016316453981332205,0.005710758893466272
ALS,Hippocampus,TRPC1,SNAP25 + GFAP,29,11,0.3605015673981191,0.08424919177216374,0.09829072373419102
ALS,Hippocampus,TRPC1,RBFOX3 + GFAP,29,11,0.322884012539185,0.12239355561159089,0.14279248154685603
ALS,Hippocampus,SNAP25,none (marker itself),29,11,0.8369905956112853,5.6108121087234144e-05,0.00019637842380531952
ALS,Hippocampus,RBFOX3,none (marker itself),29,11,-0.34169278996865204,0.10190754783651428,0.1188921391426
ALS,Hippocampus,GFAP,none (marker itself),29,11,-0.43573667711598746,0.03661513779145981,0.12815298227010935
