group,region,gene,adjustment,n_case_samples,n_control_samples,n_case_donors,n_control_donors,cliffs_delta,p_value,q_value
ALS,Cerebellum,TRPC1,none,158,38,147,38,0.5316863587540279,4.5344652165539667e-07,2.2672326082769834e-06
ALS,Cerebellum,TRPC1,SNAP25,158,38,147,38,0.3698532044396706,0.00044992640815656726,0.0015747424285479854
ALS,Cerebellum,TRPC1,RBFOX3,158,38,147,38,0.29180093089867526,0.0056391873290101095,0.008814277237775368
ALS,Cerebellum,TRPC1,SNAP25 + GFAP,158,38,147,38,0.24812030075187969,0.018600519359962545,0.032550908879934455
ALS,Cerebellum,TRPC1,RBFOX3 + GFAP,158,38,147,38,0.3132832080200501,0.0029590167707253673,0.006904372465025857
ALS,Cerebellum,SARAF,none,158,38,147,38,0.590046544933763,2.156135849053034e-08,1.078067924526517e-07
ALS,Cerebellum,CBARP,none,158,38,147,38,-0.5431435732187612,2.552838021582045e-07,1.2764190107910224e-06
ALS,Cortex Frontal,TRPC1,none,154,56,154,56,0.48631725417439703,7.292466074504536e-08,7.292466074504536e-07
ALS,Cortex Frontal,TRPC1,SNAP25,154,56,154,56,0.3297773654916512,0.0002618199841983882,0.0015747424285479854
ALS,Cortex Frontal,TRPC1,RBFOX3,154,56,154,56,0.41164192949907236,5.191016644001395e-06,3.6337116508009764e-05
ALS,Cortex Frontal,TRPC1,SNAP25 + GFAP,154,56,154,56,0.3334879406307978,0.0002229353814283603,0.0015605476699985222
ALS,Cortex Frontal,TRPC1,RBFOX3 + GFAP,154,56,154,56,0.37940630797773656,2.6695739908314157e-05,0.0001868701793581991
ALS,Cortex Frontal,SARAF,none,154,56,154,56,0.5250463821892394,6.148491703430307e-09,6.148491703430306e-08
ALS,Cortex Frontal,CBARP,none,154,56,154,56,-0.5113636363636364,1.503566394612107e-08,1.503566394612107e-07
ALS,Cortex Motor Lateral,TRPC1,none,82,18,82,18,0.510840108401084,0.0007303141281149215,0.0019329512976289636
ALS,Cortex Motor Lateral,TRPC1,SNAP25,82,18,82,18,0.513550135501355,0.0006840774563557288,0.0015961807314967002
ALS,Cortex Motor Lateral,TRPC1,RBFOX3,82,18,82,18,0.4132791327913279,0.0062959123126966905,0.008814277237775368
ALS,Cortex Motor Lateral,TRPC1,SNAP25 + GFAP,82,18,82,18,0.4932249322493225,0.0011090139747753143,0.0038815489117136003
ALS,Cortex Motor Lateral,TRPC1,RBFOX3 + GFAP,82,18,82,18,0.3021680216802168,0.04590579557643207,0.08033514225875613
ALS,Cortex Motor Lateral,SARAF,none,82,18,82,18,0.4146341463414634,0.006126552571376634,0.008284585200508015
ALS,Cortex Motor Lateral,CBARP,none,82,18,82,18,-0.5094850948509485,0.000754505852898084,0.00107786550414012
ALS,Cortex Motor Medial,TRPC1,none,81,19,81,19,0.4645873944119558,0.0017083620373260148,0.0034167240746520297
ALS,Cortex Motor Medial,TRPC1,SNAP25,81,19,81,19,0.4346978557504873,0.003339184369300741,0.005843572646276296
ALS,Cortex Motor Medial,TRPC1,RBFOX3,81,19,81,19,0.4294996751137102,0.0037374677958333198,0.008720758190277745
ALS,Cortex Motor Medial,TRPC1,SNAP25 + GFAP,81,19,81,19,0.4074074074074074,0.0059569622324769774,0.01389957854244628
ALS,Cortex Motor Medial,TRPC1,RBFOX3 + GFAP,81,19,81,19,0.5464587394411956,0.00022400288046504254,0.0007840100816276489
ALS,Cortex Motor Medial,SARAF,none,81,19,81,19,0.40220922677063026,0.006627668160406413,0.008284585200508015
ALS,Cortex Motor Medial,CBARP,none,81,19,81,19,-0.5230669265756985,0.00041222665072307635,0.000687044417871794
ALS,Cortex Occipital,TRPC1,none,45,11,45,11,0.17575757575757575,0.3751938810660297,0.41688209007336635
ALS,Cortex Occipital,TRPC1,SNAP25,45,11,45,11,-0.11515151515151516,0.5636406769846107,0.5636406769846107
ALS,Cortex Occipital,TRPC1,RBFOX3,45,11,45,11,0.1797979797979798,0.36419034224579794,0.364190342245798
ALS,Cortex Occipital,TRPC1,SNAP25 + GFAP,45,11,45,11,-0.1111111111111111,0.5776508260652256,0.5776508260652256
ALS,Cortex Occipital,TRPC1,RBFOX3 + GFAP,45,11,45,11,-0.01818181818181818,0.9342556679320029,0.9342556679320028
ALS,Cortex Occipital,SARAF,none,45,11,45,11,0.2767676767676768,0.16080777872913443,0.17867530969903825
ALS,Cortex Occipital,CBARP,none,45,11,45,11,-0.1595959595959596,0.4212268022555271,0.4212268022555271
ALS,Cortex Temporal,TRPC1,none,25,24,25,24,0.44666666666666666,0.0075851246953709765,0.01264187449228496
ALS,Cortex Temporal,TRPC1,SNAP25,25,24,25,24,0.31666666666666665,0.05875796008081886,0.08226114411314642
ALS,Cortex Temporal,TRPC1,RBFOX3,25,24,25,24,0.34,0.04235653928534454,0.04941596249956862
ALS,Cortex Temporal,TRPC1,SNAP25 + GFAP,25,24,25,24,0.33666666666666667,0.044431188858862956,0.06220366440240814
ALS,Cortex Temporal,TRPC1,RBFOX3 + GFAP,25,24,25,24,0.2966666666666667,0.07672714072574247,0.10741799701603945
ALS,Cortex Temporal,SARAF,none,25,24,25,24,0.5033333333333333,0.002612476897538936,0.0043541281625648935
ALS,Cortex Temporal,CBARP,none,25,24,25,24,-0.6333333333333333,0.00015064728475736646,0.0003012945695147329
ALS,Hippocampus,TRPC1,none,29,11,29,11,0.6990595611285266,0.0007731805190515854,0.0019329512976289636
ALS,Hippocampus,TRPC1,SNAP25,29,11,29,11,0.329153605015674,0.11523456496407007,0.1344403257914151
ALS,Hippocampus,TRPC1,RBFOX3,29,11,29,11,0.6551724137931034,0.00163164539813322,0.0057107588934662695
ALS,Hippocampus,TRPC1,SNAP25 + GFAP,29,11,29,11,0.3605015673981191,0.08424919177216374,0.09829072373419102
ALS,Hippocampus,TRPC1,RBFOX3 + GFAP,29,11,29,11,0.322884012539185,0.12239355561159092,0.14279248154685606
ALS,Hippocampus,SARAF,none,29,11,29,11,0.9561128526645768,4.14207115488533e-06,8.28414230977066e-06
ALS,Hippocampus,CBARP,none,29,11,29,11,-0.6363636363636364,0.0022184098640197383,0.002773012330024673
ALS,Spinal Cord Cervical,TRPC1,none,155,41,155,41,0.05806451612903226,0.5689066966079495,0.5689066966079495
ALS,Spinal Cord Cervical,SARAF,none,155,41,155,41,0.4794649881982691,2.4147965443810127e-06,6.036991360952532e-06
ALS,Spinal Cord Cervical,CBARP,none,155,41,155,41,-0.46058221872541305,5.914154609506067e-06,1.6647239661783625e-05
ALS,Spinal Cord Lumbar,TRPC1,none,140,43,140,43,0.11196013289036545,0.26805048496085293,0.33506310620106616
ALS,Spinal Cord Lumbar,SARAF,none,140,43,140,43,0.4993355481727575,7.600312158241622e-07,2.5334373860805406e-06
ALS,Spinal Cord Lumbar,CBARP,none,140,43,140,43,-0.4548172757475083,6.65889586471345e-06,1.6647239661783625e-05
ALS,Spinal Cord Thoracic,TRPC1,none,43,10,43,10,-0.3209302325581395,0.11941816455938219,0.17059737794197455
ALS,Spinal Cord Thoracic,SARAF,none,43,10,43,10,0.10232558139534884,0.6250097719255718,0.6250097719255718
ALS,Spinal Cord Thoracic,CBARP,none,43,10,43,10,-0.17209302325581396,0.40667461510836345,0.4212268022555271
Other neurological disorders,Cerebellum,TRPC1,none,49,38,49,38,-0.4070891514500537,0.0011990446336923016,0.0011990446336923016
Other neurological disorders,Cerebellum,TRPC1,SNAP25,49,38,49,38,-0.39742212674543503,0.0015664245739393048,0.0023496368609089574
Other neurological disorders,Cerebellum,TRPC1,RBFOX3,49,38,49,38,-0.4178302900107411,0.0008851856264593405,0.0013277784396890108
Other neurological disorders,Cerebellum,TRPC1,SNAP25 + GFAP,49,38,49,38,-0.38990332975295383,0.0019209895274603585,0.002881484291190538
Other neurological disorders,Cerebellum,TRPC1,RBFOX3 + GFAP,49,38,49,38,-0.42105263157894735,0.000807071794478494,0.001210607691717741
Other neurological disorders,Cerebellum,SARAF,none,49,38,49,38,-0.061224489795918366,0.6287317360686788,0.6287317360686788
Other neurological disorders,Cerebellum,CBARP,none,49,38,49,38,-0.08807733619763695,0.48551722242165973,0.48551722242165973
Other neurological disorders,Cortex Frontal,TRPC1,none,45,56,45,56,-0.7174603174603175,6.6872874442773e-10,2.00618623328319e-09
Other neurological disorders,Cortex Frontal,TRPC1,SNAP25,45,56,45,56,-0.49682539682539684,1.921406923769983e-05,5.764220771309949e-05
Other neurological disorders,Cortex Frontal,TRPC1,RBFOX3,45,56,45,56,-0.6817460317460318,4.468516949160244e-09,1.3405550847480731e-08
Other neurological disorders,Cortex Frontal,TRPC1,SNAP25 + GFAP,45,56,45,56,-0.4222222222222222,0.0002817102949635242,0.0008451308848905726
Other neurological disorders,Cortex Frontal,TRPC1,RBFOX3 + GFAP,45,56,45,56,-0.46825396825396826,5.6287487533992376e-05,0.00016886246260197713
Other neurological disorders,Cortex Frontal,SARAF,none,45,56,45,56,-0.4373015873015873,0.00016897626720483472,0.0005069288016145042
Other neurological disorders,Cortex Frontal,CBARP,none,45,56,45,56,0.09444444444444444,0.418129254649224,0.48551722242165973
Other neurological disorders,Cortex Temporal,TRPC1,none,35,24,35,24,-0.5714285714285714,0.00021939813910018644,0.00032909720865027965
Other neurological disorders,Cortex Temporal,TRPC1,SNAP25,35,24,35,24,-0.16904761904761906,0.2766663581465877,0.2766663581465877
Other neurological disorders,Cortex Temporal,TRPC1,RBFOX3,35,24,35,24,-0.3904761904761905,0.011640480924053802,0.011640480924053802
Other neurological disorders,Cortex Temporal,TRPC1,SNAP25 + GFAP,35,24,35,24,-0.15714285714285714,0.31216628867314034,0.31216628867314034
Other neurological disorders,Cortex Temporal,TRPC1,RBFOX3 + GFAP,35,24,35,24,-0.18571428571428572,0.23175472441333733,0.23175472441333733
Other neurological disorders,Cortex Temporal,SARAF,none,35,24,35,24,-0.5,0.0012264550307645261,0.0018396825461467893
Other neurological disorders,Cortex Temporal,CBARP,none,35,24,35,24,-0.2833333333333333,0.06747534082014764,0.20242602246044292
